dealer_id:ID,name,:LABEL
09b1807b7dc20cbbb5e39d2f69514491,元大-信義,Dealer
34ffa54655f01c3bba9a3e2f2738804d,永豐金-桃園,Dealer
54ea13a5ef5917e4241633f74b7e91eb,永豐金-中壢,Dealer
8e47c310b8ca76338873db51584bd8f9,永豐金-虎尾,Dealer
34f9c1a1439d9ac7b25072a0d92ab1a8,凱基,Dealer
efe61a846e6a63485fdbd43500c53a7d,日盛-三峽,Dealer
c62fb058cc654cfc5f30dcee6e594e04,凱基-敦北,Dealer
94bb52299dde94302f2e130234029e5b,康和-嘉義,Dealer
246ee56816048660dce7f847d13b90dc,華南永昌-彰化,Dealer
c56545a69032d6f74b8a644850c34981,日盛-木柵,Dealer
57f610c953b73ae9cd98d08a2aea3220,光和-和美,Dealer
899387706740b1ed438ae38311c6eefb,凱基-林口,Dealer
fd57aa7d3d24f211d42de9e79d749085,元大-大甲,Dealer
6736281893dc24ba8b7aeaedb56ccbf2,第一金-中壢,Dealer
879fca8c2c0931bfe392cf6a020f0536,元大-北成功,Dealer
932822176b3d684369e05e17b1f6e74d,群益金鼎-台南,Dealer
662cb0f7c771d3c09ae45687733fb710,凱基-科園,Dealer
15cb0991b6070b10c8b6856f0f503779,元大-彰化,Dealer
6c2f7269ac845570a34f6f91809d418c,日盛-屏東,Dealer
34c4d7fc2c59316d5a234590fbfc16a3,日茂-南投,Dealer
cfe276fc82983371f4f6bc3325cde938,大慶-高雄,Dealer
9a02bce6615c405c9ca65d9631a347ff,元大-仁愛,Dealer
5b6e2cc421d2b565bc0d83693d08c2e4,合庫-台南,Dealer
02e61002399c16e95ddb79c978cf9bad,新百王,Dealer
f6294ccaec552aab108387b94c403584,元富-中壢,Dealer
ebae3083ae5f9204ef002abbaed75b79,日盛-和美,Dealer
7a4abe676716b9efd06035b52fe31625,日茂,Dealer
1e381a50b3094c4edb95c00dcebba7c4,富隆證券,Dealer
29b8bf16f77d686795e0a0854fc47db5,凱基-長庚,Dealer
56d902f83eb3fc5d99c3ef5e10009795,群益金鼎-新竹,Dealer
a38897138cddf09a59ba3fcec61fc839,兆豐-復興,Dealer
471a8a3d8adc48808bfd597c764cd949,日盛-宜蘭,Dealer
c8e1fa1e56165981cd319040af9af15f,盈溢-籬子內,Dealer
8a9a31b580d2074e620cbe553d8dfbf3,華南永昌-東勢,Dealer
9d8bcf3576fd815021a9722fbf228af0,土銀-和平,Dealer
8b4b19432701b71eac9df9801be446fe,元富-中港,Dealer
2059168e1399655231252c46583e63da,玉山-南京東路,Dealer
67eaacbd8cf0035f207a81e0bd14ab45,兆豐-台南,Dealer
0a3b492cfacb440842af7b7efad9b37a,元富-埔里,Dealer
eceb5054ede81dc3c6747abb9b605764,中國信託-永康,Dealer
7e8ea0966b4e8b0e278eb64f58584888,兆豐-板橋,Dealer
b4db3ad412abd0e4679e50889ecb0c5a,元大-中壢,Dealer
f0535c76630d0e2a23c8c24ae4e91406,玉山-雙和,Dealer
138833c57b0d813568e5c7abc8c45397,第一金-新興,Dealer
a411ed6fdcec01be574e4bd994a926d7,國票-九鼎,Dealer
4fd869914510a819ff8d56ad1b5d13fa,凱基-豐中,Dealer
df2913157e2b0fd887df37db92dc2397,華南永昌-小港,Dealer
9de77d341efd05ee90107245fceab710,元大-嘉義,Dealer
2f9c88e75529be1ebb32ca35007005e4,元大-承德,Dealer
e2a3496751d4cc6c201ba7d06bcfbf61,第一金-高雄,Dealer
33d6157da3fc214c3fce15a0ae667b49,日盛-八德,Dealer
079f054d44a9c26eff4fe8d235583aaf,元富-虎尾,Dealer
cbb59536c5070402732fe99ed4be1a29,新光-新竹,Dealer
ca6f2944122b666b13c20f918137ac11,群益金鼎-大甲,Dealer
4c1adf2c1a807fb6b1212eed5699deba,元大-清水,Dealer
372081a4376c380b24ba2cf16e379c7a,兆豐-來福,Dealer
14e6aa181a183f72a3396d38924c0329,永豐金-中和,Dealer
f7de73aa35bd04e076e70bec5f9353a5,華南永昌-台南,Dealer
725cc00415cc737ceea9c51343577ce7,日盛-忠孝,Dealer
a45e1703a8cf4907bf21177c22c50d55,群益金鼎-海山,Dealer
47639ebb333cc777c5df43c74f15ab0c,永豐金-高雄,Dealer
778fb8b31d68348dcf1a137ce7ee27f6,台灣企銀-竹北,Dealer
daf902a75436abf6dddecd21dfac1bdf,元大-大雅,Dealer
b5d7343cc5910bdb81e537230abc8536,元大-敦化,Dealer
aae99e98fb11f105969c2e90125dcab4,富邦-園區,Dealer
e5591c63b9a03460b9c882e0bb656227,元大-鶯歌,Dealer
21a806298bf2f89ad24e4125d23ebe83,統一-中壢,Dealer
78e7fdd35de9e78ad2aba8a6d13af46e,元大-屏東,Dealer
c3544b3b3ee5dea8c975aae84fb91ef9,兆豐-小港,Dealer
2c013e1e0e0f6694a2591604c4d42875,永興-台中,Dealer
fde0474e7010fb8b685323d0c6e02b26,台灣企銀,Dealer
b1dfe2bba8ca318a4cb8b82b91df6e61,彰銀-台中,Dealer
5a855e30cd746dcbbb060ce671414ea2,台灣企銀-嘉義,Dealer
6e02ea548716b6c01432321d21d0e06d,群益金鼎-延平,Dealer
64bb7e64cdc5b2a6fc7e2f8c7cfc7256,日盛-土城,Dealer
20170d2b74aba55c3026402f794c0c2f,元富-嘉義,Dealer
d0e8e2e3a5e1ab921af13b6c1ce920d6,富邦-員林,Dealer
fe744eb65cfcbc19fba3b75c33ae4bf4,華南永昌-公誠,Dealer
fe50202d0c135fa46eab51781c9c1b1d,元大-鳳中,Dealer
488423c27a9032e1e166274b9f73e479,聯邦-敦化,Dealer
5edb8167f627e616c58e73863fc7e47a,華南永昌-長虹,Dealer
f0772aeb5297ee84101c8b14dc60ee4a,玉山證券,Dealer
95d5fc4fac74e43211e4acd4f039038d,凱基-士林,Dealer
75f734391e5e4a2572d23f735ce3a9ac,群益金鼎-敦南,Dealer
75e8c039c86c8b6f5b76ff2a05581bc3,富邦-南屯,Dealer
029ee7ec519bbdf14a0fc9c8d78d70b1,元大-板橋,Dealer
2b5b1f830f912bb966e2466614a9a0f2,日盛-斗六,Dealer
433a0c73e894b77bfe02149ac0a6d80e,元大-花蓮,Dealer
178ebbbd816af628f3bdac922437d0cd,凱基-民權,Dealer
1d906622880315514f3fef07e8c84407,元大-北投,Dealer
70ebdbef0a9fd45919ece31f6f43cc30,統一-內湖,Dealer
d2d9c47b266754a15c4ac8e28a4a6cd3,群益金鼎-彰化,Dealer
c06700ff9afbb6ee7ff92e772127f546,元大-員林中山,Dealer
4d9aeb90091580188a6eda6dcb912508,國泰-台南,Dealer
2875e0947b19a5c43ffced36d55b3706,臺銀-高雄,Dealer
523c18fe4d37846229c88e07cceb3f07,富邦-延吉,Dealer
6c02cc90a480dc9d5da0452b853517c7,元大-佳里,Dealer
e5eb48789c5f781894291422994a10d8,元大-南勢角,Dealer
a337294b755197a599dc4084bb203d19,兆豐-城中,Dealer
ce09ba914649547741e17fb509d11a56,永興-大墩,Dealer
3bbf15f5edb2dba1999ac2ebb9aaf82d,元富-宜蘭,Dealer
a4bf81986a59ea785f5100c00fd73273,群益金鼎-開元,Dealer
7d25c791a392abd8055b03985fc3537e,元大-西門,Dealer
612c64e5a270f1dc7716258034b4609d,統一,Dealer
4470d8c2ec255d5ecc8ffd77022c1184,元大-東泰,Dealer
121e6ec77b8d307bc199174488cfaebd,元富-城中,Dealer
ee9199973fce74176362768303a88ff9,台灣企銀-民雄,Dealer
6650c58fc8104ccea098bcb2255464a3,凱基-汐止,Dealer
b77458bad2c3592dd7aee56e515c3e4c,元大-長庚,Dealer
ff7b6e4eee058a51abbfd31624b3893c,群益金鼎-內湖,Dealer
a21c123929c7e5d11c53390ffb5b0a3a,台中銀-高雄,Dealer
13494a6b0eaa212b0d71462972c6320a,群益金鼎-桃園,Dealer
0710aed758078c2bcdaedd573da5813b,元富-板橋,Dealer
15fc3f5117286dac739bda97b8014515,華南永昌-合泰,Dealer
249ab1e0f791a8bfafa0a46f594bcabb,元大-土城永寧,Dealer
493ed19fe81636d0e7a13a3ecfbc4b09,台新證券,Dealer
05e8d38d3b09bddf094b3721cab88a45,元富-成功,Dealer
4e79606043b66de494991d055ff6ce99,華南永昌-楠梓,Dealer
8cbee1169118eedbc2160d2e46487051,永豐金-竹科,Dealer
23f8fbfed5347c8f4f6eca49968b3a3f,群益金鼎-松山,Dealer
9f87d2779ce13221f1853b41ae87822a,元大-善化,Dealer
7f1bccbce683fcafc7423235e4f2bf24,元大-鑫永和,Dealer
0d52b58232dbd2ad2b11187223135588,台灣企銀-建成,Dealer
bc151b975bdf514f1a209743e30c91bd,富邦-高雄,Dealer
289e26e5ec994dbcff1bd33cb8a240ce,康和-板橋,Dealer
9e25357571c3b00590de3fb4227b5824,光和-田中,Dealer
b447d75d0b7b071d497cb71be2616c98,華南永昌-古亭,Dealer
2846fc8f45241f4ec193580b8458fe45,陽信-石牌,Dealer
66f68a0e61b2fa5a8416b0ed57dab553,凱基-竹東,Dealer
811a003d1c6b4d215b2fab8a8f39f599,元大-路竹,Dealer
cce94190aa3390de9144d955d8689def,新光,Dealer
67ad7b356577d19259dc9b67b66a8f40,元大-文心,Dealer
ad488559ba50bcb918104cde6f6950fd,康和-石牌,Dealer
9243897136a1f1abe03d04be5a0f68b9,元大-莒光,Dealer
ee8f8d2d2d095b25ecc8282c683acf18,國票-嘉義,Dealer
3a486e0f0f8faba2c2d2f0660996bd84,大展,Dealer
294497b5b44c81eeb14035ea0ee6202a,永豐金-博愛,Dealer
389853c0ad5988f88b23e4528e02304f,凱基-屏東,Dealer
07fc18f14f9c1c854688905966fc48e6,富邦-苗栗,Dealer
3f755806c8336725cdc136b8f9c6796d,元大-敦南,Dealer
ef4804de2dade649ee407f8c3caf4899,宏遠-台中,Dealer
cf9958c08b025e72a559b1284b41262e,富邦-內湖,Dealer
c89415b8227e29228aabd6d468502a71,華南永昌-鶯歌,Dealer
d4632d94806f1c7ae9c5b3f25ade81a6,大慶-楊梅,Dealer
b97e261a57134e815c8abad68a09f744,國票-北高雄,Dealer
5eb256f915401e87e3726ffc29a0a2a9,兆豐-彰化,Dealer
d3b8734ef5852134930a11a4de07c488,富邦-左營,Dealer
6f1162f71f7e066d23c4d8c7ff6e0f01,群益金鼎-大安,Dealer
bc0d63ed49ddbb820acbb92145d5bb1a,元富-台南,Dealer
1f48bead43e86dd8f40079cd3f7e1884,玉山-新莊,Dealer
0ea41dffed281bf364cff7b501fffe15,凱基-雙和,Dealer
68e29022024ff706fffc3e12363f374d,康和-新竹,Dealer
4e973fad58b311d32f625f2ff6c42c83,元大-松江,Dealer
123bd41c5be8ca8bc75ef7e2c6627c59,日盛-中和,Dealer
c70854d3bf86a84efd88d64f6c322cdc,台中銀-員林,Dealer
6715729a0234fb68bd75231beff92f62,聯邦-雙和,Dealer
a39da88aa800ee265e068a01dfccd829,日盛-北高雄,Dealer
08ec922ef0511362f5385cb04d9d2ae4,聯邦-富強,Dealer
ab79ccebed1618618a4084af98f26d4c,大慶-中壢,Dealer
e43b922c682c72cd9810727dde301f27,聯邦-嘉義,Dealer
cf5d32d9a8ce4aabb15166e69805abec,群益金鼎-高盛,Dealer
e3cb043f0beb4f116fa0643cb5d43c37,永豐金-中正,Dealer
e9a5e991a444d940e75de2028f04a888,台灣企銀-太平,Dealer
bb0ddcfbf7513de1672495e0e49889fa,土銀,Dealer
896c685b29e79e3c0354decbfb7cdcde,大昌-樹林,Dealer
2590694e5b86e3f9a83a822f875d6113,宏遠-民生,Dealer
fc372782c44159072e52c09b56a31e6e,元大-虎尾,Dealer
b31d3453ca5cbcd14ccb0fef5c5389fb,元大-天母,Dealer
cd8e5eb765e36b904ed97e8c5bd2b8dd,宏遠-中和,Dealer
0f3f7e5a59887dde95933e9a6efbf8d1,國泰-忠孝,Dealer
a20e87b4a8b88719b1ae34d3a3b99961,凱基-市政,Dealer
a25b6adc7cb0558a68a552a130b97354,凱基-宜蘭,Dealer
5586c2ebd3a3fab8343d0c3b1f4815b1,臺灣企銀-桃園,Dealer
28e170c498f2ffe6038fe1b1ac417337,大慶-泰山,Dealer
886a45d9038f46167f1348e359e7a288,光和-溪湖,Dealer
8314fd975fffeb6948d4b0769ef2899d,元大-永春,Dealer
258c68ddb0d104ac70a016e6850f45d8,福邦證券,Dealer
52003282e99fc8664bea50673ac7d8d7,國泰-台中,Dealer
f65edf237f1a5a680e904571c57ba123,群益金鼎-中港,Dealer
1852c0f835f6ea51e96ba496623529ea,日盛-頭份,Dealer
4ae84832c7aba26009c4ac78aceaa8af,新光-台南,Dealer
adc3205698bfdeb6ff511ae8ae71e47a,土銀-彰化,Dealer
b84fcf6d50ccc713a220eb5f69213af8,國票-彰化,Dealer
39bb533aec9028ea4d0a1a8356ec3ecc,富邦-敦南,Dealer
ec927648c70f8832e51bade50d2e330b,元大-金門,Dealer
581bf423aa907f8b834c83359c6732b8,大慶,Dealer
e80c58ad806f2799549fb71f42511a7d,凱基-大安,Dealer
af93d1b1ebcbe4b7c5f38e90fa47b410,玉山-台南,Dealer
c9b8ce275c2a34b18e294c1460dec14b,凱基-城中,Dealer
7992d5e5ff9b0d708de3f70077ae7d1b,永豐金-敦北,Dealer
ed15ac245a6a0c2c8a90898c0e0ab945,元大-斗六,Dealer
0bd505fd11e7e45291650866152c9f31,元大證券,Dealer
662cb6e3d517cd4c76415bfbcdf7e75b,元大-北屯,Dealer
29c4f3ae03ff9dfa98b90cc00bcdb182,致和-台北,Dealer
f097fd38402451d728bf5f499b0c0710,兆豐-高雄,Dealer
782a64f45ea71f429ad2bd1791d5182d,元大-中和,Dealer
c8f83921ea9f5b449372211fbb699ee4,土銀-嘉義,Dealer
fb861dfa45ddef1a3c0c9009970fd98b,華南永昌-台中,Dealer
534590f0e4cbb15a3908c549b51a3d98,國票-中和,Dealer
9f4d95bef3a8c85c6f1c862851e9481b,永豐金-桃盛,Dealer
3db6b67b8c57e433fff1e7be2ffc0412,新光-台中,Dealer
f727cf707630a24b34dd8d436c25f90c,第一金-澎湖,Dealer
9704ee057b87c75ffc513e83da33f209,凱基-中壢,Dealer
3a16f8824930c5eca581cab7bfa76b95,群益金鼎-潭子,Dealer
b2d3f2b887e65dfae2e4f1b107d45758,新光-桃園,Dealer
308ca9fd5fc38ee62887badd09bab62a,萬泰,Dealer
e7bd00fb41eab473e05dcf29d1bf9755,合庫-高雄,Dealer
a66370c4c988f032a9f3be28bfabe286,凱基-斗六,Dealer
ada8db555c41f5c48671bb8c2b3f8f16,大慶-富順,Dealer
ba19019591473aeaf351b43910914ce2,群益金鼎-忠孝,Dealer
58a1ffc3131ca4851f5e63083646c5ab,兆豐-中壢,Dealer
b54c84015111118942aeab5666d0d1be,(牛牛牛)亞-鑫豐,Dealer
7d1880eb2c5ac8f4c6d9de6366404888,永豐金-萬盛,Dealer
9076ea1606854dc74601361a8ede1a68,玉山-城中,Dealer
8a6be8d2cc5931b88193d50f40cdfe56,統一-台中,Dealer
12901edacf6ca1bcf2212c5dba71100e,亞東-板橋,Dealer
a5aa90d88da7c066d337b1fda1cc837f,元大-三重,Dealer
d98832e57330d36a88ea6d23389ec516,華南永昌-大安,Dealer
dc44da61f9af1759482714195962fc7c,華南永昌-東昇,Dealer
0812d45dbedd5c41d83d55751531e2b4,康和-內湖,Dealer
e2f83190e14b9ea3f2be59e70a5c632f,兆豐-公益,Dealer
ef033380104e07b2ecd93452ce8bf450,元大-太平,Dealer
ca1219fd5d4c5c3b44d24d7c5f4e7360,元大-士林,Dealer
f7b651750096ea54d73e46ea125aa751,台中銀,Dealer
9abb1bef86c3e5545098e3ac39f035fc,兆豐-台中,Dealer
54b52c383b6e06a3a106ac20e07c1ece,高橋,Dealer
27d95ccea526c1405fb7c06a10e1b499,元富-古亭,Dealer
83384be8d99a020e217e4e244fa61950,安泰-楠梓,Dealer
dcbfbdefd2fb16daff27957f77153b6c,華南永昌-中正,Dealer
3e1bd304a6d8b147b80eb1fdbd7906e3,凱基-基隆,Dealer
41a0f3dd395136f33e14898f69e4ae58,富邦-基隆,Dealer
0ea0479590f0deda6113839ee9d1523c,元大-汐止,Dealer
0b5f98bc959c701980b9973e7946eae3,第一金-桃園,Dealer
b9f03df317eed93b6a77fbf2166987ff,元大-古亭,Dealer
cf5ca18aade71fa180de859a050af58b,富邦-台南,Dealer
c90323b7a8da7ca5f32ad7a44af7d4bf,臺銀-臺中,Dealer
2239ac8a4e78a95076c29be8fc085f7d,華南永昌-苗栗,Dealer
618a5ae11f86aba2303b94f18892c290,元大-民雄,Dealer
f3eb64d52e44c183965fdc86df2c94ce,凱基-嘉義,Dealer
39e66a3de4d1d83b96aa4517f901bfc5,大慶-蘆洲,Dealer
009d341c118b39fec6ce2ca20c7b659a,國票-南港,Dealer
18c2def639cab3eeec2c9ebfccb0efb1,統一-基隆,Dealer
388edf57de14927d1f0df3df922e3fe5,永豐金-南投,Dealer
2d6e3c471820f4ac188b385ca93e245a,元大-羅東,Dealer
6f78641b988a5ca7920e84db841af864,兆豐-大安,Dealer
531e7d1cab351d62504f6e17baf9ce4d,兆豐-埔墘,Dealer
0f021078d790dc4c04054045779748cc,群益金鼎-館前,Dealer
995aa6f4aca4cfad9b45b9c9f0a991c7,元大-東蘆,Dealer
a51af3a6bd66a10a2c36e1e452e9d5f9,國票-南京,Dealer
f5e68e4ae48ab67fdb7a6f91d0e8ed4f,元大-成功,Dealer
d3e1232a2f72fae700b99b9234ed859e,群益金鼎-永和,Dealer
b262e31ad64d37073d288fc0135109b5,凱基-中山,Dealer
7ceca44fbedae3f2b1f5d5cc8c7ec070,元大-新店中正,Dealer
6282cb31413e6fa9a9fa3ff361d45ec9,日盛-板橋中山,Dealer
2d48c735ad4dccff6ffd63ff5a9199e7,凱基-信義,Dealer
dfe183166dd289ae572ac2118e89f6ef,兆豐-西螺,Dealer
19dab228d33b21f4f8a2a3cf72fe755e,元富-屏東,Dealer
27220ba6e4c9c2a6f083406e8476e62a,永豐金-屏東,Dealer
9702f0c4b0f717bb0595ae4196e9d62a,康和-台北,Dealer
29cc4e8b29c00f3808b2e861b6eaefd4,元大-竹北,Dealer
c0baaa567c96e7e3945b08dac0312eab,富邦-宜蘭,Dealer
5061e6c31e7efb3119f9c44c3364ab86,日盛-台中,Dealer
fb11a1392c7491f1711a50d7a8cfc6d3,永豐金-彰化,Dealer
d7b459e105b0a3a8cd1a401c21a8e9af,元大-歸仁,Dealer
b95cf27d7474524da7bd472712443bc6,福邦-新竹,Dealer
a3d3b9f16fe26efa20252ad653b3d8a3,元大-忠孝,Dealer
65ca98e808eb80a38fc695cdd0890322,台新-台南,Dealer
b6318d1daf5be4a186d726aa40f1544b,元大-潮州,Dealer
d6dbe5ea963c745d3cf8b893b0814fb4,華南永昌-林口,Dealer
f57de1a2b75d67355e4b06c364e5b19b,元大-苑裡,Dealer
9f737043c02e006107a00adc0558a7ca,安泰,Dealer
cb6fdda7056719317dc578bd1f2107fc,永全-八德,Dealer
2e037af91256bc4e9bb4db483d02f57f,兆豐-桃鶯,Dealer
3d7b27e8249795622bef4a69ed87b31a,台灣企銀-台中,Dealer
9870047e24fd1025df33af5dc8dfac5f,元富-同大,Dealer
66fd17df30cee06abd848b25224f9080,康和,Dealer
28131b593cea46946307844f116e355a,元大-府城,Dealer
bc8ea328e97846c698459191f09e7571,凱基-新豐,Dealer
fa1362d8c9e4b4980f92a935f5068796,國票-博愛,Dealer
8cc56d39bc7ff15fd03a308e86460194,宏遠-台南,Dealer
78c2bd324628fac9f8c9d8b8ff612d70,光和-高雄,Dealer
8ebcb429f9f2079928580a08ab908036,元大-大安,Dealer
45d05eebffad5fd0e3360337732dec69,群益金鼎-高雄,Dealer
6ab22720a0912620d56e54ece7bde3e3,兆豐-竹北,Dealer
afdd35c91bc732fc468d1264f9c721fe,兆豐-台中港,Dealer
1f296484ec876e0afad21782608c6ca0,台灣匯立證券,Dealer
b95e0e18dfc8adfc376a518585bee3cb,元富-新興,Dealer
da956784b9d2f0f4c097cbaa6ba032df,群益金鼎-東湖,Dealer
50d52e4ee444a0a0344b905b68edc52d,統一-三多,Dealer
41952de17f0c0c95d97e24193d0c3835,北城證券,Dealer
65140f0e7f9bbc287ca6b4ab28cb3b9b,日盛-景美,Dealer
fd032a4656cfee9f340f667614ae3bcd,凱基-東港,Dealer
f99797debae92af0c8865824f4845f4b,兆豐-虎尾,Dealer
98e5e8a3719b63b74b8d3e303fa90690,日盛-園區,Dealer
6de4a93a08fb0cce47e0678a0ddd18e1,富邦-北港,Dealer
2b73f86982345f9fb6676999428f234c,群益金鼎-中壢,Dealer
0cae974f7276e23d953390b15f3a5f9b,富邦-仁愛,Dealer
5b8b568dbff679d311a87b992388045f,永豐金-天母,Dealer
3408223c7b5c5a4eaeb82e2d8c465504,華南永昌-潮州,Dealer
3c7d3a5414783128c79d4759d721fed1,台新-左楠,Dealer
1d24f15f5b0e584a35247c2f31cb7330,土銀-白河,Dealer
3827482e4be3308c3291d213ada7161e,元富-民權,Dealer
e5291a2e2d4a3af76b6955c99323ca74,第一金-大稻埕,Dealer
21199333478512221db4d68b7d1bda51,元大-大同,Dealer
103e8e5efc227ac515454e7c45381e5b,第一金-台中,Dealer
b7f3b1772324f0bdbcdf42f44cd1d1e9,凱基-東門,Dealer
7dc85a1a6a072fa3d146ab1d6640acd1,凱基-大里,Dealer
448a5df290d3aa9a6054bfb26973d56f,華南永昌-民權,Dealer
365dc938ce435f969fecaccdc4095d0c,元大-新營,Dealer
a148ccc97b299239ffc29ccd17961656,永豐金-北高雄,Dealer
d8c7427ab8d5f62db57784038326f616,統一-員林,Dealer
8b8ac924d862811b5cc17db71a609489,中國信託-中壢,Dealer
62ca02665377c2a0b117a066e1cfdd69,富邦-陽明,Dealer
f56a151a59c3caf92795f71b2d252f58,富邦-新店,Dealer
3ba6361a5ed8b02ba5f5554f75b64418,元大-淡水,Dealer
1f2b8f73ff73b31617c94a23f190c3b8,富邦-台北,Dealer
cb21e31882f0f24619ff7b6af9ddc90e,港商法國興業,Dealer
f7bea6a9de86ed6ab4952ea8e78206b8,永豐金-板橋,Dealer
c7c905962ffb11c4b4e7954b23ce1d9f,日盛-中壢,Dealer
fcb44a4c6a01af19d17b4b74d2083dc9,元富-林園,Dealer
45b869fc8a249dde642e12fc32b3431c,元大-復北,Dealer
5bb7415144a6b7563a0a855d73013e7c,元大-新莊,Dealer
bf2fe8c2dc603e75fbe4d551003b2b6f,元大-豐原,Dealer
6664671b7586221a73589eddbc2f1981,凱基-南崁,Dealer
0baf872c89830a2f5a4e8b5959b24569,華南永昌-朴子,Dealer
917a77914c0adc63309517f962274b19,凱基-員林,Dealer
55a5ea2fd459c3e7689f467f4820d363,玉山-新竹,Dealer
49f15babc622421c875552b4e604fa84,高橋-中壢,Dealer
0d56bd9068e15eb67d309d8cd3a295c7,富邦-永和,Dealer
3d9a978525f8d0f3671e602dc29cddcc,富邦-桃園,Dealer
5cd6a83027f618ea8ac081bd8823c3e1,大慶-基隆,Dealer
3c92b49d20572dc91250144850678154,致和-府前,Dealer
6b16560f52bf04cc47f745378a2dea94,群益金鼎-經國,Dealer
dfa62f9d875e47e6a25bf790966fd025,兆豐-南京,Dealer
5efcdbf1dd7675fd97126be31774224c,新加坡商瑞銀,Dealer
b307d4de4bd70a20ac85c8e1025024d0,群益金鼎-台北,Dealer
77f00ec41f41eea2715176d263a20a9b,元大-新竹,Dealer
3e863663621d594d0e23601fd9b0ff0e,國泰-松江,Dealer
4d0cb5dcea3cb7fa1dc82ecc14ba854c,兆豐-南門,Dealer
fca8d032c46d65ed2ba6d4133c895788,日盛-員林,Dealer
1cb275b4c7724086f58832201b54ec82,群益金鼎-古亭,Dealer
f6034ff12dcd6f4eb2feea2b70b08d22,凱基-文心,Dealer
8a7e31f9a865c0380fbae6ed2ac9e473,日茂-埔里,Dealer
c02d4324347fdb9e05677b5a03cf6163,宏遠-館前,Dealer
f078233bf2d880d0aeef1989fb930e06,台新-屏東,Dealer
e196a7ad9e9357fd93d8e183e50e3c96,元大-蘆洲,Dealer
22db0ea27c364c8d1133d890f3ac3435,彰銀-七賢,Dealer
8b7240c4636781f5c387b2b78d437fc3,元大-南崁,Dealer
56b3697447a6cbc05c3afabedef1494b,永豐金-信義,Dealer
444048fd8956b442a6b8bd8da6cafbf0,華南永昌-岡山,Dealer
f88853f507a136e4e5f154fd6d233c78,元富-基隆,Dealer
39e82f7f29c480b1744b9b3bad4c6e34,國票-和平,Dealer
b07ff905cd8f611cdcc5d1ce8d31f355,中農,Dealer
4753326ff78b3b73a77e454f26389426,聯邦-大業,Dealer
80abfaa604906524047ec870f83ca7de,日盛-新竹,Dealer
c5ef194786e282ccb1d42c89b8f0ae7d,元大-小港,Dealer
97d6bc29b4be3a2a2e76514f05dda4ff,第一金-頭份,Dealer
9b414451195cca44e2803b6be0c40930,凱基-岡山,Dealer
fa7a36022f0110867c986bc16806d260,兆豐-景美,Dealer
ab1a6f49adde1865593c892740a33eab,日盛-嘉義,Dealer
8ff175ff44f248c116f0943641a191e2,第一金-華江,Dealer
f7278adde762a7a3d13cf45f804a545d,凱基-三重,Dealer
4d139af814a8b980a35da5c746afd9e3,元大-台中中港,Dealer
425922c71a77cbd58f0bcda86a588f25,元大-和平,Dealer
09ffbf25963eeeab7ee9dc39c2b77255,德信-中正,Dealer
f4f62b0f6c62e86c37b3991c8b6d5f01,台灣企銀-台南,Dealer
defc544fb96ac519df6e3478e4a75a2a,群益金鼎-民權,Dealer
88f2d1e8ea2b442b4ccb38c702a4a5e7,元大-基隆孝二,Dealer
a3209898d17214434f8d66c88fd717e8,群益金鼎-崇德,Dealer
c51a902060e39c94f41383fdb599af23,凱基-興隆,Dealer
f5382ee7d89acca9b125c05bdf811a4f,永豐金-中盛,Dealer
d92361e34d4c9f20abfc72e7556d02e6,華南永昌-世貿,Dealer
512afb4ec1fc8af3ce61b51ae4c20675,元富-緯城,Dealer
8c091ed426d62034602ee19100787970,元大-萬華,Dealer
d5f3aa409b1c649a72d4a440e7123cf7,致和-南京,Dealer
63d8e977f2fbaa849af003ff6d10fde2,統一-三重,Dealer
5e909a6492fc58081d6f2c41171112af,大昌-新竹,Dealer
84a3e57f72902b838d4ceeed1a92bacc,康和-延平,Dealer
c89298b112f2030ccfe9c89542f06db2,元大-北港,Dealer
947a9a91b2a23af37428f78a5569a0d4,群益金鼎-基隆,Dealer
91c1808c0931a3da50b52699c75c65fd,元大-大里,Dealer
df84cb08d6ebf1e92d3d143aaf4b970e,光和,Dealer
aa0cb392be4f2161e1bc2ca297730c12,富邦-新竹華信,Dealer
cfa452ebd80aee25ed9cc35ec2b7d93b,華南永昌-淡水,Dealer
e61b627fbb0374f6f0477b069d761fac,日盛-三重,Dealer
0ae9cf8dbff6268094c43be2d8a72701,康和-高雄,Dealer
19d080577e65fc79c4f5abb0b37fb7be,陽信,Dealer
c4227f1a89a587fbd51af3dc9f700cd8,土銀-台南,Dealer
cccfa5a647d3583a8324fd598065b5a9,土銀-玉里,Dealer
6333fabea0967f4595acba0d05e3419d,凱基-永華,Dealer
5cb27061bd6294a52f998a5d61966fd7,凱基-虎尾,Dealer
b927c3c476502b9427d20333e65238a4,合庫-桃園,Dealer
346a138c6d523591613562eef785cf77,元富-四維,Dealer
3104e4fde0498096d1e3f3f0f0fa1f16,第一金-中山,Dealer
d4d7143196e9bd7f88aeb30402fed022,臺銀-鳳山,Dealer
ed539651dfa272c373e9d09aeac44823,統一-板橋,Dealer
341cfe6f3ccc15435a58b4718cf8daee,統一-嘉義,Dealer
707b9015d1b31aed49c2446e15703b52,玉山-桃園,Dealer
d48d42bb3c44f7e1ded577bb28c48d5d,凱基-五股,Dealer
392cd3640df1cc49298d88c39b907b0b,國票,Dealer
d3d553db632b47202388cea8ba673010,元大-台南,Dealer
c20e7a77fe0c975ca02cfc26796b2975,第一金,Dealer
729cd7702e7209c2da5136a2e9c1d50e,大慶-苗栗,Dealer
3b791294343200a16fc818561b0e6c66,第一金-忠孝,Dealer
7cba3fc078dd81ca7dfb7f12ad1dc527,凱基-天母,Dealer
117ba9b3bc2355a45f241e50e06c3437,群益金鼎-竹南,Dealer
0a9f05842ad0d94a9524d373bcd44ebb,統一-桃園,Dealer
9069e41ce1cbb6b74b2636778c32268d,兆豐-民生,Dealer
dfdfa835d0a5598d636f206d6b7c8899,凱基-苗栗,Dealer
0c169b291bf94abe702b159b732b30cc,凱基-三多,Dealer
27782f8e0718e85c519955d0a6b8fc6f,國泰-高雄,Dealer
87da919042365b84fb55490d79b6ab62,合庫-嘉義,Dealer
1ca6cfb1b190f3a18fd34c344476202d,元富-信義,Dealer
d7c5b47c90438b1f5577307d105594b5,元大-林森,Dealer
2b189b7b97ab0757bd2dbb477968021f,凱基-新店,Dealer
c45cf0fe2957839070c3fe7cba9b26c4,兆豐-東門,Dealer
fce243b62581d4ab39d7b7c448f539ec,元富-安南,Dealer
c5a7f7f76c8a0c447225f234826c2df1,群益金鼎-土城,Dealer
8406b3436055f33a41706ee5032b2cb6,元富-新竹,Dealer
24d2593bd954735872c997c75d0c8414,永豐金-大園,Dealer
c076faae0876fa5fbffd4aadabdcdd3b,兆豐-員林,Dealer
c4d9f6b4ecf9d4985701bb00375ad9c6,元大-彰化民生,Dealer
a1bb780fc9cf8fa3268588d07c59feda,第一金-光復,Dealer
3f64c5df7b0f727e812d5fd042e623ff,國票-中正,Dealer
07f503629481e0f10ddad70fdd6c6308,統一-汐止,Dealer
3cc3ad3f4d0e65c638bb82c33689d7cd,元大-北三重,Dealer
556698d389f9a5cb804566403c938745,元大-竹南,Dealer
289f0f5b5c7e3e90b7f7afcddfea70bf,富邦-建國,Dealer
64ba9a0204a0ee23550966b1c3bf43ea,永豐金-鳳山,Dealer
dfc5a5e1d8f05ee6872c6a26c4d1e936,永豐金-市政,Dealer
d09aff5648216f86bbe2e4993e78d5c7,康和-台南,Dealer
b1f16b40c5210a1a8532455091cda714,元大-沙鹿,Dealer
141467577c1ee24d97c6163dc603ceef,日進,Dealer
a095e4bef8fde196cf4d5b6a3262d0f8,元大-忠孝鼎富,Dealer
b6d5bd3ca3db070ba06473577311e257,美商高盛,Dealer
0407697a008bc7641c101006a9db883d,群益金鼎-三重,Dealer
b6a22cd0ecb42532d6eb76b451cad30a,玉山-高雄,Dealer
0422521c8db2ef7b3f0fe55d3198aed2,元大-內湖,Dealer
aeeb1f897d397f888e899d5227175211,臺銀-臺南,Dealer
7a44ec19d73581165aeff8ddc6aed5fb,元大-金華,Dealer
f44fc067332b070b5d51a718dd7c47bd,中國信託,Dealer
6ab3e56db6184439c794bada54a10995,凱基-三峽,Dealer
66156999525573eb7b33b77d9a191f60,元富-松德,Dealer
23c4952a75f3c65f043a5cad7a6e3e9f,德信-新營,Dealer
f8e238e6862814e6c55d76c524955d32,日盛-板橋,Dealer
8cb9042801d8a8ef3ee443b9f0354aa0,國票-桃園,Dealer
6c0c40c8e34e78e8d3f29afb11fb07e2,凱基-台北,Dealer
e76e4bd6ddaf204f2e4fcc087cc2df9a,富邦-嘉義,Dealer
d521e75c0198e180cd11090e8520b5d0,臺銀-金山,Dealer
296493535f8e35a9c52972fde0cf2ade,富邦-竹東,Dealer
26a97b1db57ab4974e3bd1505a2022a9,聯邦-高雄,Dealer
5f2b377d6aa8231ffbeda4e9afe8a58a,大昌-桃園,Dealer
01d1189367b8fd537326a56d7941dd77,統一-高雄,Dealer
18019d798b21001767e33dad267afa25,臺銀,Dealer
cc358d3078a94602314dd7a450d403ae,群益金鼎-北高雄,Dealer
64041270cd3a12dcd2b5043f21630c7e,元富-敦南,Dealer
f6dce5a5b813920582ce5e45aadc41d6,凱基-內湖,Dealer
eee4ff1b186be1e0c1010337d2ab932c,國票-內壢,Dealer
f73e30204e88a4d245bfa6e5264e2de9,元大-西屯,Dealer
563300a0851adb1ee8391e75aa79199a,凱基-大直,Dealer
2f348154f165cb39babf8ffe2092b526,元富-永和,Dealer
885b3fd206392de9313e605171411bcc,兆豐-斗南,Dealer
de269de70a20dad71866ca6c49010f76,群益金鼎-南京,Dealer
4abca36f37b3242ead49cab33c9996cf,永豐金-永康,Dealer
548e56ec049a05e9dd85577207bb5f27,宏遠-桃園,Dealer
0fe123a0d5006864c1d64d156b8546af,彰銀,Dealer
81618f0dbd0b8128f8da4fdd5c95cb6b,元大-大益,Dealer
d1b33740372076c92da62eb2621e73ef,群益金鼎-東門,Dealer
00cf08cecbefeff79faa8fcc885053f1,中國信託-嘉義,Dealer
863cedcebc2d1bb0d06a851223ddad57,富邦-花蓮,Dealer
c30e3c1960dda86b2e63988763a3d080,合庫-三重,Dealer
435832dd4d4a1bb10464e702987137c6,富邦-台中,Dealer
dba9aa2738d0aba2e1ba13e7636c83a5,元大-學甲,Dealer
8e78210df9349446977d652d5663101f,日盛-大墩,Dealer
f25b4ef90d75620b75b897ebd8d4ebb9,富邦-彰化,Dealer
3ff2583f85700709a505879715a7e22c,凱基-湖口,Dealer
9a9d227403a5d058befe443422531e77,兆豐-忠孝,Dealer
e89c496837f261aca41f2c73cc8bec6d,凱基-北門,Dealer
2da1d1371963cf44cf5f3d3fb083cad7,德信-和平,Dealer
06ca1d5488df8c998f0def5561c929e3,摩根大通,Dealer
b562cdb5c49b4c6820891296d37b0e1b,華南永昌-嘉義,Dealer
f46cd7ff8d3e3258c0866efd64877549,土銀-建國,Dealer
4a6dc0fe2ef9f83b3467e69f66f0f6b4,第一金-彰化,Dealer
d930b8184c996833c9b656c874ff3c17,元大-雙和,Dealer
cd930bef61ea4dc289a7f5ae6609c70d,永豐金-古亭,Dealer
dc5b2b9a32b09fa238cf5d84112ff161,兆豐-松德,Dealer
32ac0c9c51cd6e4b046bc52e6288d2c0,兆豐-新竹,Dealer
82db87447af29b854213730f5c7d7e03,致和證券,Dealer
534def061ff0c4bd221cc89f6eee60b4,元大-桃園,Dealer
0e3e40bf6ebc6f89febc76b4a5ded501,日盛證券,Dealer
c7248990fbf9d6d75f43e060bc270cbb,日盛-南京,Dealer
346d6cc6b39d17c54bca46bdd96bed01,大展-台南,Dealer
7ebb6f7f2641fd8c8d97203a57792cef,(牛牛牛)亞證券,Dealer
c22f77f6831e44f2c5faf17526b868f6,台灣企銀-屏東,Dealer
bd2b018b2b9df1793ca9af72a7be8a13,國票-敦北法人,Dealer
60c575a9336000addc994ac68771a16d,土銀-花蓮,Dealer
f9be48428dc1e755ac628beae691f144,元大-館前,Dealer
9847c885ac0998f573e427c3bbc5418f,凱基-復興,Dealer
84c06465c6c3d918a47a0ade00ed4db7,第一金-台南,Dealer
b97fe859c9d1a4852e2c420f27ef7dcc,亞東-高雄,Dealer
f3f10e0222a217f07b559eca57eaa3ab,元大-旗山,Dealer
15cf7d85657892dc73c3fa9da27e2607,群益金鼎-萬華,Dealer
3fa9ce88f09bd13d4052b8d9bfc5ccef,豐農,Dealer
15edfd555dfd3575c3c4e373a5fbfabb,群益金鼎-中山,Dealer
e0c12e5737427847ed3942eaf73fee01,中國信託-新竹,Dealer
3f2a32c137c1335a909bf182aa3aab2b,亞東-台中,Dealer
336ffd29d4cac5ecd1a47a83d480777b,元大-六合,Dealer
219e70e6ebe6077ed248c573a9d200d6,元大-南京,Dealer
0c306cf25bf5c16cbc22731bc3ccc37f,富邦-中壢,Dealer
4adf27db05a06da13065a9e0a3209301,聯邦商銀,Dealer
a14c93af62cb99c144ea154667fa853d,統一-松江,Dealer
8a772a4a3af2652deca4caa9e0a38bad,元大-新竹經國,Dealer
ad3058f2a2cdd9939eb0a7cad503a7dd,亞東-台南,Dealer
52b02359d4966ffffa3a704e0d787678,臺銀-新竹,Dealer
555cccffe897c9affa27b2750bab2186,光和-花壇,Dealer
64315fd922a5415e304c35e7c2d8bfaa,永豐金-內湖,Dealer
cab87c1ce36baa4a329d75d7faffcff6,富邦-板橋,Dealer
d3e23a65eb9ac8d9292bbb115c4713e3,日盛-信義,Dealer
6d5d38d88da0ec643a18494523a3defa,大昌-新店,Dealer
e851aedb2b7aa19d902a810d13ca96b0,中國信託-松江,Dealer
8b2ffd224d39727d1b1bf102a0aa7c8d,元富-城東,Dealer
4269713de27067391dbd599c76094cb2,永豐金-松山,Dealer
f06fe6cfffaca80f5fc05d241db5a872,華南永昌,Dealer
ca337e634abd80e7a2e8a82d65434755,元大-向上,Dealer
01915f9d382f116413f34a106af2e7c9,台中銀-豐原,Dealer
7de718c95d35494415dac934f1db4e67,大慶-中和,Dealer
41d63d25b04aa3755b5f62d6c491d0af,統一-新竹,Dealer
3f79b1e42999a9ca0a5034c34546f255,富邦-岡山,Dealer
d139f17899dc3aae4762d6e0659a4618,高橋-龍潭,Dealer
3def637704a6ad62edd11d36589b5d17,元大-西螺,Dealer
c475518cea9f112d4b7514c823fa2895,日盛-二林,Dealer
e2d4f6ab802fce998ed58aee683cecb0,永豐金-員林,Dealer
1e30326674518cf6cd9db01ee8cc5368,國票-安和,Dealer
e7f32264d63ffa7bd7a9f8bf7354c6c0,群益金鼎-宜蘭,Dealer
b25eb46b76a2267cba4b559675ed0f9c,永豐金-台南,Dealer
213360b917ee1f96bf8043cfe0d85c25,元大-八德,Dealer
04e471617e6b709267649a1aed3c46b4,宏遠-光隆,Dealer
a1f3975bfd945fba6e6ceeef765b5726,元富-延平,Dealer
bae23bc96fb4e17e233232b065a21a54,國票-新莊,Dealer
15d5c54113543ec31a3041d5ba6bd88c,台新-新營,Dealer
2c555a1915fe9737282ae51525ed86f1,致和-金華,Dealer
6d0b908d4a58f10ba799a17ffc740a9a,台灣摩根士丹利,Dealer
07087b683ab9076fc1f44b2c6acc23a1,台新-三民,Dealer
09991260b0c20baecc14dba14ae4bc00,元大-豐原站前,Dealer
64f9c10772641b8d4baa95d92169b1e2,第一金-豐原,Dealer
ee8698037073d34c46c0b4d33245d2ff,元大-斗信,Dealer
95401ff89daf696215d6132d914ae095,凱基-永和,Dealer
67fa9492d73fbde92229a102e877cbdd,亞東,Dealer
0ca5d9314b88c4108e4cb61fd5111787,元富-佳里,Dealer
b5f93eea89047c50fc9ab4e3ad7bd11e,凱基-彰化,Dealer
7498f8cd90a544cd956032d2c4f3e2cb,元富-新店,Dealer
c4dda3662b7ed08c1beadf384aa9a106,國泰證券,Dealer
d96a8ec4307430fc0328aa77a36809e3,群益金鼎-新莊,Dealer
b57b9bc4d996ba1c24bd07b3ad778212,台新-建北,Dealer
b95659d2f6ebdf5914432fbc7815408a,元大-土城,Dealer
084fd01c35d60641b4ab8fc020d4c03e,宏遠-高雄,Dealer
5ea974b97d618e4f40c1914ae17f7a38,中國信託-忠孝,Dealer
0ee7d197951a0846efd65793ee328da0,合庫-新竹,Dealer
9f5c5c61721e1383eebc23ef1450b046,統一-城中,Dealer
7fa6b26186a24f513ddbf123b2e6acdf,永豐金證券,Dealer
8045d511176ab803c470ddf2eaff938f,華南永昌-內壢,Dealer
a557dffcd2a0b6e64c9e9cb8a3893d7e,元富-烏日,Dealer
22ab23d3fc6a5edb1cbe0c4a938e7451,元富-大昌,Dealer
36f2b87dc7c833b838bbdc5ab0062ab0,凱基-市府,Dealer
b8cfb3b0c0ee75eec71264d52cc536d8,元大-南海,Dealer
b83b830409a7cba21ba4dbfae60e960b,元富-三重,Dealer
228136ffcfb005de8eed491fdf14734f,群益金鼎-嘉義,Dealer
d07da5d9a86ac884f875c4265472ddaf,元大-四維,Dealer
48599e563ca88fce06df863c01839e62,元富-文心,Dealer
a52653bb34d8f18564724097ae4b0974,統一-永和,Dealer
9068b48f1f651380e140bd0e4fe2b225,康和-永和,Dealer
5213440a19af18d673d2143380a1b102,元大-桃興,Dealer
7fef81b1ce491b32d9c42050827cfbb1,統一-仁愛,Dealer
85d5ad78c421e3c12d035151a92b0567,永豐金-三重,Dealer
9f1e8815ac7164a0dadab79a253e9542,日盛-新莊,Dealer
7ef5366698d50a804fff11496d786d10,國票-台南,Dealer
dd80f0eb704b1c90e60a3a62474c7493,元大-東門,Dealer
3d8ce581f792077112f3866a479a3314,凱基-站前,Dealer
1b1a8637036ae1e6a4f01618527e6914,美林,Dealer
348ff073190e5f493f08392043a859e6,玉山-士林,Dealer
b2f50d57adc84e85a98012fb3a609a23,兆豐-大同,Dealer
b8c8a617626156b8e05b9c17c4e86a8d,富邦-三重,Dealer
47e0f2cd0e95373bb0dd94b2a8b078c2,元富-草屯,Dealer
e73db5a84395abc388890e24ee230a09,兆豐-三重,Dealer
ffc79b83d097d20cb410cea9d2f69c4b,宏遠證券,Dealer
95f6ac0946ad93de69f743adf5d296d0,日盛-豐原,Dealer
ca3ac09c305c494f4fdf6a927ee79458,元大-開元,Dealer
04780534dbc09c8ac61d2d400369e8b1,兆豐-岡山,Dealer
151ed4f8d65d28819bb470f2fc97cb2f,玉山-大里,Dealer
56cfa3df5c22258f5593034810b9ad6a,凱基-內埔,Dealer
d11aaeefa8cd0258812d71356746a9e5,永豐金-苓雅,Dealer
d6c13de3c95ccb85d19a0e21209f522a,新光-高雄,Dealer
ed15c3d84d50a12022399e914cd90e1c,兆豐-新莊,Dealer
6aeb6148f54876c608a8567422652280,國泰-板橋,Dealer
f48f73d7c78af9106e7e952de1949d20,凱基-台中,Dealer
9a6e6a3f814617cf0dded1e41b93cc7b,國票-北投,Dealer
189ab3247bbe578acbb9c02f9f6127b5,臺銀-民權,Dealer
ef333a71662393d05b85949c702a7438,永豐金-竹北,Dealer
c07a33657b157c813f59a928b313c50d,國票-長城,Dealer
40d00be3ecb0b546b7e467e7ef7bfaa7,兆豐-寶成,Dealer
ae1672c72c96f796cfc9ee8264570504,台灣企銀-九如,Dealer
73c9012c0f5ca9d250edae095ecfe489,群益金鼎-瑞豐,Dealer
b107eda65c8a06097ee59cb73799a84a,元大-永康,Dealer
407ea0c3dcedfe535469da9dbed7406d,元大-松山,Dealer
9dd8034c25465d9cca31b4f2106a439e,玉山-板橋,Dealer
fcaed8dd418dfbadcf2758a335a014d7,群益金鼎-屏東,Dealer
9123f104368c9217051cdcf9ecd18ea9,致和-佳里,Dealer
4877facfee51ebd4d210d84bfc22f4f7,玉山-台中,Dealer
e12cc757489055bae4ddf68a6fc55d23,臺灣企銀-埔墘,Dealer
42268e114894b80792add610db884008,土銀-新竹,Dealer
f9b482280fa415ef086e670e81d9d2b4,元大-屏南,Dealer
5733ad588195e252a0fd9567c334a01b,群益金鼎-丹鳳,Dealer
0a804f1a4b46c0290e1c94d015bb15e7,華南永昌-竹北,Dealer
b732b8bc4bad6740b2e8a02df0c9de7f,台新-中壢,Dealer
719080e4b3bb65c910e90b20239058ea,群益金鼎-鳳山,Dealer
487a296da8d567a1011ae786421b76b0,石橋證券,Dealer
f7223a0ab02bde2ae46e8656b54a70aa,致和-東門,Dealer
e4c0c612cdc845ec3b7a5c24dad97773,統一-新營,Dealer
4a4dad51db1063dd5cc3f9607d12a6bd,元大-民生,Dealer
727572eee21e8dbb5fe970c55eec03b5,統一-竹南,Dealer
a5f15afd01fc11af5d29ad3ba3c2fb54,統一-敦南,Dealer
9c77a16a4339f6c6ec3deb34fd7f98e2,統一-台南,Dealer
9b892e8fb434a809303008774af1d9a0,華南永昌-忠孝,Dealer
93c62399901cd4dd7b5663f5ffcb1e08,群益金鼎,Dealer
97c4f56bb3427a7be8ffb160c02e3e62,寶盛,Dealer
01698fae62917a0ef275c1cded4ed7db,永全-南崁,Dealer
3fdb7906efec172f1fadb45afc45d622,光和-嘉義,Dealer
285657e3a4dbf98c053cf03d19dd15b1,統一-新台中,Dealer
92c1139d41529d7f233d84be4258b470,華南永昌-麻豆,Dealer
852b08f6aea1b87d94e84e5be14f4475,凱基-土城,Dealer
1ccc96142ecb904e066d95c0f584710e,土銀-高雄,Dealer
a504c4f5bbe27e0a38947abea0f76517,玉山-台大,Dealer
366ebe05477c94141feb402183cbe7a4,兆豐-三民,Dealer
ef63fbff640854bf928131c42e46e518,日盛-桃園,Dealer
2c9e781f9ccbc47d3e7927acd5574ee8,凱基-八德,Dealer
7dc0cf4bfcc46cc1e9bbe371265d0491,群益金鼎-三民,Dealer
04fd8604b2795477b05107a06cd088d9,聯邦-興中,Dealer
f0bbab14cb00b90eae65095fa7a1b39d,花旗環球,Dealer
903e94858dd42519a658a19d17dc2359,群益金鼎-士林,Dealer
df2f41f241374066a909169bf213c9e9,元大-文心興安,Dealer
7db1eb8e66def2f75ca7b70dd561cc04,全泰證券,Dealer
7f0c07168025c01a746326ea38c63e43,統一-屏東,Dealer
a8ee3cec6d20cf81618ed4cb8cd7b3e8,永豐金-復興,Dealer
4c3bb2c1c3fbe952530ea50719b0fec7,元富-台中,Dealer
8e7a21ebbe0d841a5f9e60f48ff9a799,凱基-松山,Dealer
7436214a4bd1125240cafd3e11a2d7ef,元大-楊梅,Dealer
7a4bff98d3f1eaa4d5cb4dccf7d482c6,元大-土城學府,Dealer
46feaba9b6a12c33193a301b9f39d355,日盛-龍潭,Dealer
0214c4e6d7aed1fdaa3ac8733203084a,元大-鹿港,Dealer
5c0e5ccf6f7e8d64f8a96f2ab6697b33,凱基-竹北,Dealer
0394d689570cbbf5a4deb6e0f39745f7,華南永昌-敦南,Dealer
4780a73b69759efc412ba9d89623448c,元富-潮州,Dealer
36a95f4bcf2a6735366bf289bc01e5fc,國泰-桃園,Dealer
4443cdf0591b09b42f897d78ecd9dbd4,土銀-南港,Dealer
1acfc94b48b35db63cccc0bb7020230b,元大-新盛,Dealer
e872b2f241e0cc4bca49b3642c2e0776,日盛-士林,Dealer
854783388c011933b0b780bf5709113c,群益金鼎-台中,Dealer
52316f46683d215929a254b1a42c0abe,元富-高雄,Dealer
f2dd7994282af28e2d905ee82ec4cf44,第一金-自由,Dealer
5d6d9f64a5f10b51814230e5c04140e2,日盛-復興,Dealer
8b2beb90740511744c7a2ca8f0e5d817,永豐金-敦南,Dealer
bbadc559bae6eda0921dc71f1ea551fb,永豐金-嘉義,Dealer
eb54a8d4fb0f1ffb695d02258cb5ee9a,宏遠-新化,Dealer
7a10a348a66b4cf4cb63f42ae7e60263,康和-仁愛,Dealer
8c4a36b2850c9279c03177bc5bec569f,福勝,Dealer
dbde48f56f863129c33461dae8bcb4c7,國票-中港,Dealer
bd20a05f9960ff40823f909ba2adfaea,群益金鼎-大興,Dealer
3697a65815fb8df49ef8635d1f9ae680,元大-景美,Dealer
331e96101595e94472e0d6d7130ecc17,日盛-文化,Dealer
ca983fe61ccc7b18581ed29f42b836db,第一金-路竹,Dealer
8844a880bba912b05c1be904558f0682,元大-鳳山,Dealer
8be06b2be15c96d6d1f98d8f1f990177,華南永昌-鳳山,Dealer
6461510c2d7e16c3a83571891f3a8c54,兆豐-內湖,Dealer
7a405da9f412ad155a9bc1312900afb3,元大-前金,Dealer
d880b25b16bf0c4c067625f5511e921b,國泰-新莊,Dealer
0543b37522e5797e6976b589a6e1ba22,富邦-虎尾,Dealer
1592bbb65433fdd751c57a6bfd8f88e5,盈溢,Dealer
42d95ba341c58b41fe5a66e20b1c5036,元大-大天母,Dealer
39cdcb328c8919f0d0aad264fe29b147,凱基-和平,Dealer
0afaddde41161e6510523b41c37aa7e6,日盛-內湖,Dealer
f9d23550db6277c53b23dfbe7462fa09,元大-高雄,Dealer
4fc09a45f7eab0dcfb688886d2fc0717,群益金鼎-建成,Dealer
f080808191859c5ffb714037e8833e8f,中國信託-文心,Dealer
c0b87015f995d8bf82ae15541737119e,元富-西松,Dealer
b432a09284bed7115eb40801c70b105c,永豐金-新竹,Dealer
bd78f14da74c5d45b4b251844a4efccc,元大-博愛,Dealer
50e95fc4fd7fbee5bd6c05f03cbb5d8f,群益金鼎-天母,Dealer
0c251088f5b7b6e377600a348c3ce864,元富-吉利,Dealer
0d7459bbfc08d0a61f43d04f46793e28,元大-竹山,Dealer
dcfd83b612899fcd93291a9d715403ad,兆豐-嘉義,Dealer
66deeec8fb2daa2b705a65977150b456,元大-永和,Dealer
4d9a5d077dd7f8b42a383acd2ebf549a,元富,Dealer
9759b376a1cdcffe6801412ce9997084,合庫-彰化,Dealer
e12e0736675cdc91e8f40a77e222575b,兆豐-北高雄,Dealer
b5dbbf86d502d6d1207f03144e911dc3,統一-彰化,Dealer
1a94f9fa20f74efaf7cdcb498dbd5d75,元大-崇德,Dealer
b8ed31ee9f0ad90b564994534d8cda95,元大-大灣,Dealer
956c46832659a5d164b8a8def0be96f4,永豐金-潮州,Dealer
2421958e27514659273ecb6313020584,凱基-東勢,Dealer
a8cd76f044772124aa280a6f9c9eecb6,華南永昌-斗六,Dealer
8b40a79ecd5a0caf351063739a8195cf,合庫證券,Dealer
40ab7f0c14014e13401651886780857a,凱基-鳳山,Dealer
9df5c005d5804a716e11834e0d5090c8,元富-大裕,Dealer
1d9007978da87ecba794ffc91214cfa1,高橋-內壢,Dealer
2b35d997a1afa509ae8b3d2eb62eeeb8,華南永昌-高雄,Dealer
31a68441a62b68cfbaa5b0caebd73b61,玉山-嘉義,Dealer
35ef33d03cb692999f1d107ec99b42f6,日盛-鳳山,Dealer
7dc8576e1cf8bc582459d9f7067c5912,凱基-板橋,Dealer
fa7923e014dd6a303b1039998c6c7123,元大-草屯,Dealer
1d329832143fc28797f17d6da021471e,富邦-竹北,Dealer
cc5e6ef88a825ab0e3a9bcf140bcde77,統一-宜蘭,Dealer
d0c71a6aa83fcf8c4247df0462c6d5fd,亞東-新竹,Dealer
cfa4ce0b9faab82c6f64fc095efdc279,港商麥格理,Dealer
75c6c2e9ca35ee9a99c80c675b73b151,富隆-長安,Dealer
1200545be6738ac7c8cd0768e85dfe35,台中銀-台北,Dealer
e11cf7aab628b120cdb47fe33936b47e,富邦-民生,Dealer
5f6b97adb59c97b39ab8b0d21fdfb8f0,日盛-高雄,Dealer
4931a344bc5a8f9a3fcfedda429f7097,凱基-台南,Dealer
03f2b174b26c9b23b4a52ffc96fbf081,兆豐-永和,Dealer
5ddde16ce4aded63dd341ea2ef9922a2,康和-南崁,Dealer
a140a2a8e5a8d63622871a5cdc01e01b,日盛-雙和,Dealer
199c6ee3c168d993a33473d1be469092,兆豐-天母,Dealer
30b040f069763bbd31b740f6a293f10d,凱基-中港,Dealer
92c639cba4575166f99cf0ab036558b1,玉山-左營,Dealer
dea637b7384e3c6494778597486be93b,元大-大統,Dealer
55e4c3ef6bb4c0506dc62b1becf96010,瑞士信貸,Dealer
0a2ab4b5c5fbc364ad44698e368c1287,元大-基隆,Dealer
5f8b079d3583719b60b98dbb53330530,國票-南崁,Dealer
e6c32f255bfe3f16abe6c5a67d4963aa,凱基-頭份,Dealer
6f2c3be3fa22d91abe5b354ed62721a0,永興-水湳,Dealer
2bf2cc1149c34ac4ed13826df59cd80f,國票-台東,Dealer
12eb70d2807081785a5a802e8d3583a6,永豐金-板新,Dealer
7f35c474007a859d5eb29f9260459536,元大-台北,Dealer
4d4226d97bdb3cf9acf4d8fb72915fd9,永豐金-新店,Dealer
89f94c9bb4801bc37f4b3e0d93524c46,元大-南投,Dealer
22413e55e82a071da7f769cfa5751629,富邦-台東,Dealer
a2b20b8fc40a4b4aef2fb7d796a7711c,群益金鼎-新店,Dealer
3a9ba82615bf2e9d7037391bd9551655,永豐金-新莊,Dealer
4e6f15990d9e4138be5ef3e53c9a0c95,華南永昌-頭份,Dealer
c1ed811e54c9045cfd0d9100bb222564,凱基-幸福,Dealer
af2b1f19f645c6e1242d601ccfc73af7,中國信託-三重,Dealer
fbd52f3430f7b039bf7f566f2e7ce101,安泰-大發,Dealer
c871ac796c6a09b782c49cc44405e449,元大-竹科,Dealer
856c07c6d0c22fc2e0672a0738e87675,富邦-羅東,Dealer
ce43e659b3cb2d7205e7c3ae1c206f26,凱基-永康,Dealer
b0370ce9d8d7de47a5314e54c17b7b58,合庫-自強,Dealer
b3d459fe2f73adc8cee7ca7b38583f45,港商野村,Dealer
72e2ae5be52b168ae5137e7ee29e055c,兆豐-鹿港,Dealer
62e2d75479371d9645df5d378d245b87,大昌,Dealer
142380b1a5647de57acd164cdf47dd3b,中國信託-高雄,Dealer
9271fe0b5f49994fbf6ab5a69033915e,大和國泰,Dealer
cf14663cec73753d22bd8e409d274b88,元大-樹林,Dealer
6b83d379faa3a191fa7afe68cbb793f6,盈溢-楠梓,Dealer
74c281110e7f3500aabf7ac83b70aebd,日盛-花蓮,Dealer
db13c1569af2c1ae58b3717a978d5aa8,土銀-士林,Dealer
54b492066d316cc254e8a9036211d480,致和-崇德,Dealer
03fd6c0c2d1da497017916a53e4c28e1,統一-土城,Dealer
6f8db6ec9e187ca230b8e07fb0b4b489,統一-南京,Dealer
c8c4a59971f7f6727da637d781732b5c,凱基-高雄,Dealer
82d2293d9e13e327d275910069d449a0,台新-高雄,Dealer
3af1363c81ac81b60580fedbc2039240,台新-台中,Dealer
7aa3a178c6e06b8df8ec1d67fbd950e9,國票-台中,Dealer
e7959e416e3e9c26d4ad9d06269f49ba,第一金-嘉義,Dealer
658110b1fe6950d74029e700f22ecdde,日盛-樹林,Dealer
d85fecbf38713905720917359c857501,兆豐-新營,Dealer
b63be83c6611fa461bc2b0ad3ecf6fbc,統一-平鎮,Dealer
d507142ba67c95d24adac8380148db4f,華南永昌-桃園,Dealer
7a402d2c6f76ca5e010c41b5e8d728c4,富邦證券,Dealer
fe707ef5e8fcd75f5d1319e546280588,元大-大里德芳,Dealer
bc498fdcbbb0dfdbebb4ba87cdfed206,元大-左營,Dealer
be395f462b6cd1ba0b6916b2e8ed9763,永全,Dealer
dfd5325784a0431cd7278774e7dda3b0,台新-松江,Dealer
090d1e1eccaf92c5a2a31090198f28c9,元富-中原,Dealer
737be01955aceeeb9c15f60ca00136d9,元大-員林,Dealer
2ba2a4df541cadb152b5e7624df9c5fa,永豐金-台中,Dealer
806d635bb9d5fbd01b78091fc89ead7f,永豐金-板盛,Dealer
9310679921502307be33a2d79fba7b15,聯邦-三重,Dealer
7d6e0789fedfa3fbb69f157d17af93e7,元大-苗栗,Dealer
51e5c230c1f52414ed53a192a9a5a52b,群益期貨,Dealer
e312561b2cfc9e35379ebd838f4affda,富邦-新營,Dealer
eb563c44dba55c429d3391df461e04f5,群益金鼎-西松,Dealer
e0eb61848218022fe23e474117ba8c17,元大-木柵,Dealer
988d43299598f45f8100b76477d32113,元大-龍潭,Dealer
947e4f44e773d33ee0db4324b576545d,凱基-桃園,Dealer
c6f1ad5793372f8c8e6e254d33c299dc,第一金-員林,Dealer
7090674ccbb04e67b499ace66b48c355,元大-林園,Dealer
e7bde802f16a549dc0124974db1744b8,永豐金-埔里,Dealer
830d410fbb382588d32a79adb3983fd2,致和-高雄,Dealer
00b6806c05b34a300b23140f0f60e569,元富-桃園,Dealer
c069f75c6dc6e8726b1f5e21e3f8381d,凱基-高美館,Dealer
b175569b3538494a7266a84417822116,國泰-館前,Dealer
f36e59bcaeb0f14a7b5f8b7f327c7f3a,台灣企銀-三民,Dealer
e4d276732e38917e52f29f57881f34b9,華南永昌-苑裡,Dealer
78d84b37d44699a182a7c3f4c62a0f20,永豐金-南京,Dealer
1b8a3265642fba779fb038e6a846de57,康和-澎湖,Dealer
09262ed9529d31981df6de96327bf01d,群益金鼎-板橋,Dealer
3050a382dcd26186c2dc59d7527ee662,元大-板橋三民,Dealer
773f78674b5daadd61487031fa4209de,元大-華山,Dealer
beb663270eee3163aa2a0fc7c72dcc8e,國票-天祥,Dealer
ad8b5ac1c545dab239c883e8681b29b3,元大-屏東民生,Dealer
4bfc5d0f9a969ae0dabf120e55da16ad,華南永昌-虎尾,Dealer
843341d6de42e9e4e3a66b37fd123d2a,凱基-竹科,Dealer
0ba1e6f3a196df9b6c2c33c946d8bc23,統一-金門,Dealer
c19a122c569f3709e52b427d30c69e3d,元富-花蓮,Dealer
4b640488a507a03aecddcbca72f48ea3,日盛-永康,Dealer
82eee4af71c0b440450601c79081836c,台灣企銀-北高雄,Dealer
075df625dda6a02c899559f7e451110f,日盛-竹北,Dealer
672f3463ced9cbda8e97dad432379da0,香港上海匯豐,Dealer
27e6df1f3e41277405864ca86e92ac8b,大慶-台南,Dealer
5a7e1bced2ad35da21c8e56cba86e134,國票-南科,Dealer
51ab15e54b8eae78be4baee541614e7f,元大-南屯,Dealer
f7848cd6932172fab2bb6ac9e88bea9c,統一-士林,Dealer
875638273ea15f058ea030390c7d78cf,元大-台中,Dealer
b1cce38dcb992bf1b41193b52346eb79,永豐金-豐原,Dealer
c65643cb5049849cddc8cc5877621b31,元大-福營,Dealer
d6c98046bd040ec2939e43a460540945,兆豐-桃園,Dealer
eab2e96d2fdff6d48f89725ed797f04b,元大-竹東,Dealer
f4f4db9effdd35aa8580038df6e3d75d,台灣企銀-岡山,Dealer
78138e261a739588b7163883301a54b7,合庫-鳳山,Dealer
450ae2aad5a123ca9c6f0d6fea503d40,元大-頭份,Dealer
ad36c5a0876d80d0f2ce48ea538975a5,凱基-台東,Dealer
4aec23ca69c4d32af6ca1a8de6769c2e,台新-新莊,Dealer
c207c208f05a5558dbea877a1f954b3b,元大-東港,Dealer
ddf4e4e8b036e7f20af7b838da0f9c62,元大-上新莊,Dealer
08f1729f003253209627b4c52a449a41,大昌-安康,Dealer
c0345c6a4d08173909566dea0613c108,第一金-新竹,Dealer
da09eb804addcd54692714135c738e53,永興,Dealer
6579a8dc15351572c7795163130b3de2,兆豐證券,Dealer
cbb987a104df30a79cd0481c8bfdf6b9,法銀巴黎,Dealer
ffa150f6814b0509fb570d5097c6875d,第一金-安和,Dealer
8adb47d5eb809f0ff8276c08ccfc3729,康和-台中,Dealer
268748736c4661e6badccd9e7a27b749,凱基-埔墘,Dealer
e5e89301316906b6a792301804472bb2,元富-世貿,Dealer
39355b451996cfca6bcf03df9e56423c,德信,Dealer
d106346686be3764e683f7d1cee15564,(牛牛牛)亞-網路,Dealer
ddc582cea973b4208f72a6d0f0332342,凱基-羅東,Dealer
25ce6f56950aab2e2b1531a5603ab796,華南永昌-南京,Dealer
c322c832fc62aec6c6a103689bd64d9c,永豐金-羅東,Dealer
5670fa8cd74db469b26102f5f5b4e3fd,土銀-台中,Dealer
b7ce213a901ed2496c4e2995cc88cf81,合庫-台中,Dealer
716b5fabf183051979f216985697e784,合庫-西台中,Dealer
9aadaaca008b5fa4c59983b3c11352c9,華南永昌-三重,Dealer
9abb505149714dbd7c9f64a6915f8c90,大慶-台中,Dealer
b9e1d3e348d550614d7939386f1d38f5,永豐金-忠孝,Dealer
74bea675070d5c712550cd2b6475729c,元大-發財,Dealer
faee516b855986b80eb8aa77cb3a917e,元富-新莊,Dealer
a671a53663a4646826147fef2000a682,兆豐-麻豆,Dealer
0f18997c179947ac4e31195fadf111d9,國泰-敦南,Dealer
ae77232e10b1f6d41a40ce0ccf18767a,元富-彰化,Dealer
04bf3d125b2af5753fa26318eccc2040,康和-屏東,Dealer
a23e6da9ce56098af12c49821412287f,台灣企銀-豐原,Dealer
78575f33fabef90b9b0d2ba91fcbad5b,合庫-基隆,Dealer
3b1c7f17f940a69b2fa17daba9a245de,凱基-新莊,Dealer
43527e1367e5257cc7218364883fda62,華南永昌-新莊,Dealer
629172c4bb1132e557dfdef13b131456,日盛-台南,Dealer
