concept,stock
3D技術,2308
3D技術,2317
3D技術,2323
3D技術,2330
3D技術,2349
3D技術,2353
3D技術,2357
3D技術,2360
3D技術,2374
3D技術,2377
3D技術,2401
3D技術,2405
3D技術,2409
3D技術,2454
3D技術,2455
3D技術,2489
3D技術,3006
3D技術,3008
3D技術,3014
3D技術,3019
3D技術,3034
3D技術,3038
3D技術,3050
3D技術,3051
3D技術,3059
3D技術,3083
3D技術,3105
3D技術,3227
3D技術,3231
3D技術,3234
3D技術,3322
3D技術,3374
3D技術,3406
3D技術,3450
3D技術,3481
3D技術,3545
3D技術,4919
3D技術,5203
3D技術,5351
3D技術,5371
3D技術,5478
3D技術,6147
3D技術,6150
3D技術,6167
3D技術,6188
3D技術,6205
3D技術,6271
3D技術,6451
3D技術,8086
3D感測,2308
3D感測,2312
3D感測,2317
3D感測,2330
3D感測,2353
3D感測,2357
3D感測,2360
3D感測,2377
3D感測,2395
3D感測,2454
3D感測,2455
3D感測,3008
3D感測,3019
3D感測,3059
3D感測,3105
3D感測,3227
3D感測,3231
3D感測,3234
3D感測,3374
3D感測,3406
3D感測,3450
3D感測,4919
3D感測,5351
3D感測,6147
3D感測,6166
3D感測,6214
3D感測,6271
3D感測,6414
3D感測,6451
3D感測,8086
3D列印,1597
3D列印,1784
3D列印,2049
3D列印,2388
3D列印,2395
3D列印,2455
3D列印,3005
3D列印,3011
3D列印,3022
3D列印,3450
3D列印,3504
3D列印,3663
3D列印,4722
3D列印,5371
3D列印,5450
3D列印,6123
3D列印,8416
4K2K TV,2409
4K2K TV,3034
4K2K TV,3481
4K2K TV,5347
4K2K TV,5371
4K2K TV,6147
4K2K TV,6176
4K2K TV,8150
4K2K TV,8240
4G LTE,2303
4G LTE,2314
4G LTE,2317
4G LTE,2324
4G LTE,2330
4G LTE,2332
4G LTE,2345
4G LTE,2353
4G LTE,2357
4G LTE,2379
4G LTE,2382
4G LTE,2388
4G LTE,2412
4G LTE,2454
4G LTE,2455
4G LTE,2498
4G LTE,3035
4G LTE,3045
4G LTE,3062
4G LTE,3105
4G LTE,3152
4G LTE,3189
4G LTE,3265
4G LTE,3380
4G LTE,3419
4G LTE,3491
4G LTE,3558
4G LTE,3596
4G LTE,3694
4G LTE,3704
4G LTE,3711
4G LTE,4904
4G LTE,4906
4G LTE,4909
4G LTE,4977
4G LTE,4979
4G LTE,4991
4G LTE,5388
4G LTE,6152
4G LTE,6257
4G LTE,6285
4G LTE,8011
4G LTE,8086
5G,2314
5G,2317
5G,2330
5G,2332
5G,2345
5G,2353
5G,2356
5G,2368
5G,2382
5G,2383
5G,2395
5G,2454
5G,2455
5G,2485
5G,3016
5G,3037
5G,3045
5G,3062
5G,3081
5G,3105
5G,3138
5G,3152
5G,3163
5G,3221
5G,3234
5G,3363
5G,3380
5G,3419
5G,3450
5G,3491
5G,3558
5G,3596
5G,3682
5G,3704
5G,3707
5G,4904
5G,4906
5G,4958
5G,4968
5G,4977
5G,4979
5G,4991
5G,5274
5G,5388
5G,5439
5G,6152
5G,6213
5G,6269
5G,6274
5G,6285
5G,6426
5G,6451
5G,6470
5G,6588
5G,6674
5G,8046
5G,8086
802.11n,2332
802.11n,2379
802.11n,3062
802.11n,6142
ADAS供應鏈,1533
ADAS供應鏈,2231
ADAS供應鏈,2312
ADAS供應鏈,2337
ADAS供應鏈,2344
ADAS供應鏈,2367
ADAS供應鏈,2379
ADAS供應鏈,2393
ADAS供應鏈,2401
ADAS供應鏈,2436
ADAS供應鏈,2497
ADAS供應鏈,3059
ADAS供應鏈,3169
ADAS供應鏈,3227
ADAS供應鏈,3264
ADAS供應鏈,3306
ADAS供應鏈,3380
ADAS供應鏈,3552
ADAS供應鏈,3605
ADAS供應鏈,3665
ADAS供應鏈,3706
ADAS供應鏈,4919
ADAS供應鏈,5289
ADAS供應鏈,5351
ADAS供應鏈,6202
ADAS供應鏈,6275
ADAS供應鏈,6279
ADAS供應鏈,6284
ADAS供應鏈,6285
ADAS供應鏈,8255
APPLE概念,1303
APPLE概念,1444
APPLE概念,1536
APPLE概念,1582
APPLE概念,1586
APPLE概念,1717
APPLE概念,1904
APPLE概念,2201
APPLE概念,2301
APPLE概念,2308
APPLE概念,2313
APPLE概念,2317
APPLE概念,2324
APPLE概念,2327
APPLE概念,2330
APPLE概念,2331
APPLE概念,2340
APPLE概念,2351
APPLE概念,2352
APPLE概念,2354
APPLE概念,2356
APPLE概念,2365
APPLE概念,2367
APPLE概念,2368
APPLE概念,2369
APPLE概念,2379
APPLE概念,2382
APPLE概念,2383
APPLE概念,2387
APPLE概念,2392
APPLE概念,2393
APPLE概念,2408
APPLE概念,2409
APPLE概念,2421
APPLE概念,2436
APPLE概念,2439
APPLE概念,2454
APPLE概念,2455
APPLE概念,2456
APPLE概念,2459
APPLE概念,2474
APPLE概念,2481
APPLE概念,2482
APPLE概念,2492
APPLE概念,2882
APPLE概念,2884
APPLE概念,2887
APPLE概念,2891
APPLE概念,3003
APPLE概念,3008
APPLE概念,3013
APPLE概念,3017
APPLE概念,3019
APPLE概念,3034
APPLE概念,3037
APPLE概念,3042
APPLE概念,3044
APPLE概念,3048
APPLE概念,3105
APPLE概念,3149
APPLE概念,3189
APPLE概念,3211
APPLE概念,3227
APPLE概念,3231
APPLE概念,3234
APPLE概念,3321
APPLE概念,3324
APPLE概念,3360
APPLE概念,3374
APPLE概念,3376
APPLE概念,3388
APPLE概念,3406
APPLE概念,3437
APPLE概念,3481
APPLE概念,3501
APPLE概念,3527
APPLE概念,3529
APPLE概念,3552
APPLE概念,3563
APPLE概念,3665
APPLE概念,3673
APPLE概念,3687
APPLE概念,3711
APPLE概念,3714
APPLE概念,4163
APPLE概念,4915
APPLE概念,4927
APPLE概念,4933
APPLE概念,4935
APPLE概念,4938
APPLE概念,4939
APPLE概念,4942
APPLE概念,4943
APPLE概念,4956
APPLE概念,4958
APPLE概念,4960
APPLE概念,4966
APPLE概念,5234
APPLE概念,5285
APPLE概念,5347
APPLE概念,5356
APPLE概念,5371
APPLE概念,5425
APPLE概念,5457
APPLE概念,5478
APPLE概念,5490
APPLE概念,6120
APPLE概念,6121
APPLE概念,6146
APPLE概念,6147
APPLE概念,6153
APPLE概念,6155
APPLE概念,6168
APPLE概念,6176
APPLE概念,6179
APPLE概念,6180
APPLE概念,6185
APPLE概念,6187
APPLE概念,6202
APPLE概念,6206
APPLE概念,6223
APPLE概念,6224
APPLE概念,6230
APPLE概念,6239
APPLE概念,6261
APPLE概念,6269
APPLE概念,6278
APPLE概念,6282
APPLE概念,6285
APPLE概念,6290
APPLE概念,6451
APPLE概念,6456
APPLE概念,6558
APPLE概念,6594
APPLE概念,6706
APPLE概念,8046
APPLE概念,8086
APPLE概念,8103
APPLE概念,8163
APPLE概念,8213
APPLE概念,8255
APPLE概念,8404
APPLE概念,8499
APPLE概念,9938
AppleCar,1536
AppleCar,1586
AppleCar,2201
AppleCar,2308
AppleCar,2317
AppleCar,2327
AppleCar,2330
AppleCar,2351
AppleCar,2379
AppleCar,2481
AppleCar,2492
AppleCar,3003
AppleCar,3019
AppleCar,3481
AppleCar,3552
AppleCar,3665
AppleCar,5285
AppleCar,5425
AppleCar,8255
Android,2308
Android,2313
Android,2317
Android,2324
Android,2327
Android,2352
Android,2353
Android,2354
Android,2357
Android,2363
Android,2382
Android,2392
Android,2439
Android,2474
Android,2498
Android,3008
Android,3034
Android,3037
Android,3042
Android,3044
Android,3211
Android,3231
Android,3406
Android,3481
Android,3556
Android,3605
Android,3630
Android,3673
Android,4938
Android,5392
Android,6121
Android,6153
Android,6269
Android,6290
Android,8069
AI人工智慧,1504
AI人工智慧,2308
AI人工智慧,2312
AI人工智慧,2317
AI人工智慧,2330
AI人工智慧,2353
AI人工智慧,2356
AI人工智慧,2357
AI人工智慧,2377
AI人工智慧,2382
AI人工智慧,2395
AI人工智慧,2439
AI人工智慧,2449
AI人工智慧,2453
AI人工智慧,2454
AI人工智慧,3029
AI人工智慧,3227
AI人工智慧,3231
AI人工智慧,3443
AI人工智慧,3661
AI人工智慧,5351
AI人工智慧,6166
AI人工智慧,6214
AI人工智慧,6412
AI人工智慧,6414
Dell,2301
Dell,2308
Dell,2317
Dell,2324
Dell,2382
Dell,2409
Dell,2474
Dell,3211
Dell,3231
Dell,3481
Dell,4938
Dell,6121
Google眼鏡,2317
Google眼鏡,2330
Google眼鏡,3169
Google眼鏡,3711
Google眼鏡,6147
Intel,2317
Intel,2324
Intel,2330
Intel,2347
Intel,2353
Intel,2354
Intel,2357
Intel,2363
Intel,2376
Intel,2377
Intel,2379
Intel,2382
Intel,2388
Intel,2451
Intel,2458
Intel,2474
Intel,3037
Intel,3189
Intel,3227
Intel,3260
Intel,3317
Intel,3450
Intel,3556
Intel,3653
Intel,3702
Intel,3711
Intel,8046
Intel,8081
iTV,1582
iTV,2317
iTV,2330
iTV,2369
iTV,2379
iTV,2454
iTV,3008
iTV,3034
iTV,3406
iTV,3481
iTV,3714
iTV,4933
iTV,4935
iTV,4942
iTV,4960
iTV,5234
iTV,5371
iTV,6147
iTV,6176
iTV,6278
iTV,8103
iTV,8213
iPad 5,2313
iPad 5,2317
iPad 5,2354
iPad 5,2365
iPad 5,2368
iPad 5,2392
iPad 5,3008
iPad 5,3042
iPad 5,3149
iPad 5,3211
iPad 5,3673
iPad 5,4966
iPad 5,5371
iPad 5,6121
iPad 5,6153
iPad 5,6176
iPad 5,6269
iPad 5,6594
iPad 5,8046
iPad 5,8499
iPad mini,2313
iPad mini,2317
iPad mini,2324
iPad mini,2354
iPad mini,2368
iPad mini,2392
iPad mini,2409
iPad mini,3008
iPad mini,3034
iPad mini,3037
iPad mini,3042
iPad mini,3044
iPad mini,3149
iPad mini,3189
iPad mini,3211
iPad mini,3406
iPad mini,3673
iPad mini,4915
iPad mini,4938
iPad mini,5371
iPad mini,6120
iPad mini,6121
iPad mini,6147
iPad mini,6153
iPad mini,6176
iPad mini,6224
iPad mini,6239
iPad mini,6269
iPad mini,8213
iPhone X新機系列,1444
iPhone X新機系列,2308
iPhone X新機系列,2313
iPhone X新機系列,2317
iPhone X新機系列,2324
iPhone X新機系列,2327
iPhone X新機系列,2330
iPhone X新機系列,2354
iPhone X新機系列,2356
iPhone X新機系列,2379
iPhone X新機系列,2382
iPhone X新機系列,2383
iPhone X新機系列,2392
iPhone X新機系列,2421
iPhone X新機系列,2439
iPhone X新機系列,2456
iPhone X新機系列,2474
iPhone X新機系列,3008
iPhone X新機系列,3037
iPhone X新機系列,3105
iPhone X新機系列,3189
iPhone X新機系列,3211
iPhone X新機系列,3231
iPhone X新機系列,3324
iPhone X新機系列,3374
iPhone X新機系列,3406
iPhone X新機系列,3673
iPhone X新機系列,3711
iPhone X新機系列,4938
iPhone X新機系列,4958
iPhone X新機系列,4966
iPhone X新機系列,5347
iPhone X新機系列,6121
iPhone X新機系列,6147
iPhone X新機系列,6176
iPhone X新機系列,6224
iPhone X新機系列,6269
iPhone X新機系列,6282
iPhone X新機系列,6451
iPhone X新機系列,6456
iPhone X新機系列,8046
iPhone X新機系列,8086
Kinect,2385
Kinect,2392
Kinect,2421
Kinect,3008
Kinect,3071
Kinect,3450
Kinect,3501
Kinect,3630
Kinect,3653
KY股票,1256
KY股票,1337
KY股票,1338
KY股票,1340
KY股票,1341
KY股票,1589
KY股票,1590
KY股票,1592
KY股票,1626
KY股票,2115
KY股票,2236
KY股票,2239
KY股票,2243
KY股票,2637
KY股票,2723
KY股票,2726
KY股票,2923
KY股票,2928
KY股票,2929
KY股票,3661
KY股票,3665
KY股票,3673
KY股票,4137
KY股票,4139
KY股票,4141
KY股票,4148
KY股票,4157
KY股票,4190
KY股票,4552
KY股票,4557
KY股票,4560
KY股票,4571
KY股票,4581
KY股票,4745
KY股票,4763
KY股票,4803
KY股票,4804
KY股票,4807
KY股票,4912
KY股票,4924
KY股票,4927
KY股票,4935
KY股票,4943
KY股票,4958
KY股票,4966
KY股票,4977
KY股票,4991
KY股票,5215
KY股票,5223
KY股票,5225
KY股票,5227
KY股票,5243
KY股票,5281
KY股票,5284
KY股票,5288
KY股票,5543
KY股票,5546
KY股票,5871
KY股票,5871A
KY股票,5906
KY股票,5907
KY股票,6404
KY股票,6415
KY股票,6431
KY股票,6451
KY股票,6456
KY股票,6514
KY股票,6525
KY股票,6541
KY股票,6573
KY股票,6591
KY股票,6598
KY股票,6616
KY股票,6641
KY股票,6666
KY股票,6671
KY股票,6672
KY股票,8404
KY股票,8406
KY股票,8411
KY股票,8418
KY股票,8426
KY股票,8429
KY股票,8442
KY股票,8444
KY股票,8482
KY股票,8499
KY股票,9802
LED光源,2393
LED光源,2426
LED光源,3031
LED光源,3339
LED光源,3383
LED光源,3591
LED光源,3624
LED光源,4956
LED光源,6164
LED光源,6223
LED光源,6226
LED光源,6271
LED光源,6289
LED光源,8070
LED光源,8111
LED光源,911868
LiDAR,2301
LiDAR,3105
LiDAR,3374
LiDAR,4976
NFC近場通訊,2379
NFC近場通訊,2395
NFC近場通訊,2412
NFC近場通訊,2414
NFC近場通訊,2436
NFC近場通訊,2449
NFC近場通訊,2454
NFC近場通訊,2458
NFC近場通訊,2482
NFC近場通訊,2498
NFC近場通訊,3045
NFC近場通訊,3094
NFC近場通訊,3169
NFC近場通訊,3264
NFC近場通訊,3419
NFC近場通訊,3529
NFC近場通訊,3535
NFC近場通訊,3652
NFC近場通訊,3711
NFC近場通訊,4904
NFC近場通訊,5272
NFC近場通訊,5490
NFC近場通訊,6104
NFC近場通訊,6146
NFC近場通訊,6155
NFC近場通訊,6160
NFC近場通訊,6183
NFC近場通訊,6202
NFC近場通訊,6206
NFC近場通訊,6214
NFC近場通訊,6285
NFC近場通訊,6414
NFC近場通訊,8032
NFC近場通訊,8050
NFC近場通訊,8101
NFC近場通訊,8114
NFC近場通訊,8299
OPPO,2313
OPPO,2454
OPPO,3008
OPPO,4915
OPPO,4958
OPPO,8016
OPPO,8112
PS4,2301
PS4,2308
PS4,2330
PS4,2354
PS4,2385
PS4,2392
PS4,2476
PS4,3037
PS4,3338
PS4,3653
PS4,4927
PS4,4938
PS4,6138
PS4,6209
PS4,6412
PS4,6679
PS4,8046
RFID相關,2436
RFID相關,2461
RFID相關,3094
RFID相關,3169
RFID相關,3419
RFID相關,3535
RFID相關,5272
RFID相關,6202
RFID相關,6233
Smart TV,2301
Smart TV,2308
Smart TV,2317
Smart TV,2324
Smart TV,2332
Smart TV,2345
Smart TV,2353
Smart TV,2357
Smart TV,2376
Smart TV,2379
Smart TV,2385
Smart TV,2392
Smart TV,2393
Smart TV,2408
Smart TV,2409
Smart TV,2444
Smart TV,2485
Smart TV,2489
Smart TV,3008
Smart TV,3019
Smart TV,3034
Smart TV,3042
Smart TV,3047
Smart TV,3062
Smart TV,3209
Smart TV,3227
Smart TV,3228
Smart TV,3231
Smart TV,3380
Smart TV,3406
Smart TV,3466
Smart TV,3481
Smart TV,3596
Smart TV,3630
Smart TV,3714
Smart TV,4906
Smart TV,4908
Smart TV,4938
Smart TV,5203
Smart TV,6123
Smart TV,6142
Smart TV,6188
Smart TV,6202
Smart TV,6263
Smart TV,6285
Smart TV,8215
Smart TV,9105
S&P 台商收成指數,1101
S&P 台商收成指數,1102
S&P 台商收成指數,1216
S&P 台商收成指數,1227
S&P 台商收成指數,1312
S&P 台商收成指數,1319
S&P 台商收成指數,1402
S&P 台商收成指數,1507
S&P 台商收成指數,1590
S&P 台商收成指數,1717
S&P 台商收成指數,1909
S&P 台商收成指數,2103
S&P 台商收成指數,2105
S&P 台商收成指數,2106
S&P 台商收成指數,2308
S&P 台商收成指數,2313
S&P 台商收成指數,2317
S&P 台商收成指數,2324
S&P 台商收成指數,2327
S&P 台商收成指數,2345
S&P 台商收成指數,2352
S&P 台商收成指數,2354
S&P 台商收成指數,2356
S&P 台商收成指數,2362
S&P 台商收成指數,2373
S&P 台商收成指數,2383
S&P 台商收成指數,2385
S&P 台商收成指數,2392
S&P 台商收成指數,2439
S&P 台商收成指數,2474
S&P 台商收成指數,2492
S&P 台商收成指數,2723
S&P 台商收成指數,3019
S&P 台商收成指數,3044
S&P 台商收成指數,3231
S&P 台商收成指數,3481
S&P 台商收成指數,3665
S&P 台商收成指數,3711
S&P 台商收成指數,4915
S&P 台商收成指數,4938
S&P 台商收成指數,4958
S&P 台商收成指數,5388
S&P 台商收成指數,5871
S&P 台商收成指數,6176
S&P 台商收成指數,6269
S&P 台商收成指數,6285
S&P 台商收成指數,6409
S&P 台商收成指數,6415
S&P 台商收成指數,6456
S&P 台商收成指數,9910
S&P 台商收成指數,9921
S&P 台商收成指數,9938
TPP,1402
TPP,1417
TPP,1434
TPP,1440
TPP,1446
TPP,1451
TPP,1463
TPP,1464
TPP,1467
TPP,1473
TPP,1474
TPP,1476
TPP,1477
TPP,4401
TPP,4414
TPP,4417
TPP,4432
TPP,8916
TPP,9938
TPP,9944
USB3.0,2317
USB3.0,2357
USB3.0,2363
USB3.0,2376
USB3.0,2379
USB3.0,2392
USB3.0,3011
USB3.0,3014
USB3.0,3023
USB3.0,3035
USB3.0,3202
USB3.0,3260
USB3.0,3322
USB3.0,3443
USB3.0,3550
USB3.0,3605
USB3.0,4973
USB3.0,5351
USB3.0,6104
USB3.0,6126
USB3.0,6155
USB3.0,6185
USB3.0,6205
USB3.0,6224
USB3.0,6233
USB3.0,6290
USB3.0,8054
USB3.0,8299
VR/虛擬實境,2376
VR/虛擬實境,2377
VR/虛擬實境,2379
VR/虛擬實境,2454
VR/虛擬實境,2458
VR/虛擬實境,2498
VR/虛擬實境,3035
VR/虛擬實境,3443
VR/虛擬實境,3711
VR/虛擬實境,5351
VR/虛擬實境,6237
Windows10,2324
Windows10,2353
Windows10,2356
Windows10,2357
Windows10,2376
Windows10,2377
Windows10,2382
Windows10,3231
Wii U,2308
Wii U,2337
Wii U,2354
Wii U,2369
Wii U,2392
Wii U,2476
Wii U,3227
Wii U,3607
Wii U,3653
Wii U,3673
Wii U,3711
Wii U,8046
XBOX One,2301
XBOX One,2308
XBOX One,2317
XBOX One,2347
XBOX One,2385
XBOX One,2392
XBOX One,2430
XBOX One,3019
XBOX One,3443
XBOX One,3450
XBOX One,3630
XBOX One,3653
XBOX One,3689
XBOX One,4919
XBOX One,6271
人臉辨識,2330
人臉辨識,2405
人臉辨識,3008
人臉辨識,3059
人臉辨識,3105
人臉辨識,3227
人臉辨識,3406
人臉辨識,4919
人臉辨識,5351
人臉辨識,6271
三倍券,1210
三倍券,1215
三倍券,1218
三倍券,1229
三倍券,1232
三倍券,1234
三倍券,1702
三倍券,2633
三倍券,2702
三倍券,2704
三倍券,2707
三倍券,2723
三倍券,2727
三倍券,2729
三倍券,2731
三倍券,2732
三倍券,2748
三倍券,2752
三倍券,2903
三倍券,2912
三倍券,5903
三倍券,5904
三星,2313
三星,2317
三星,2327
三星,2387
三星,2393
三星,2457
三星,2474
三星,2476
三星,3023
三星,3034
三星,3035
三星,3037
三星,3049
三星,3144
三星,3202
三星,3276
三星,3311
三星,3443
三星,3511
三星,3545
三星,3622
三星,5425
三星,6134
三星,6146
三星,6153
三星,6209
三星,6224
三星,6251
三星,6291
三星,8103
三網合一,2314
三網合一,2332
三網合一,2345
三網合一,2379
三網合一,2419
三網合一,2444
三網合一,2485
三網合一,3017
三網合一,3041
三網合一,3062
三網合一,3078
三網合一,3094
三網合一,3169
三網合一,3189
三網合一,3380
三網合一,3450
三網合一,3466
三網合一,3491
三網合一,3596
三網合一,3704
三網合一,4906
三網合一,4908
三網合一,4909
三網合一,5388
三網合一,6142
三網合一,6152
三網合一,6263
三網合一,6275
三網合一,6285
三網合一,8040
三網合一,8046
三網合一,912000
三通,2603
三通,2609
三通,2610
三通,2615
三通,2618
小米手機,2301
小米手機,2313
小米手機,2317
小米手機,2354
小米手機,2356
小米手機,2392
小米手機,2454
小米手機,3008
小米手機,3034
小米手機,3037
小米手機,3231
小米手機,3311
小米手機,3360
小米手機,3646
小米手機,3673
小米手機,3702
小米手機,4904
小米手機,4915
小米手機,4958
工業4.0,1503
工業4.0,1504
工業4.0,1583
工業4.0,1590
工業4.0,2049
工業4.0,2301
工業4.0,2308
工業4.0,2317
工業4.0,2324
工業4.0,2356
工業4.0,2359
工業4.0,2360
工業4.0,2371
工業4.0,2382
工業4.0,2395
工業4.0,2397
工業4.0,2436
工業4.0,2464
工業4.0,2467
工業4.0,2471
工業4.0,3003
工業4.0,3022
工業4.0,3029
工業4.0,3030
工業4.0,3035
工業4.0,3057
工業4.0,3088
工業4.0,3094
工業4.0,3122
工業4.0,3169
工業4.0,3227
工業4.0,3413
工業4.0,3419
工業4.0,3455
工業4.0,3498
工業4.0,3528
工業4.0,3556
工業4.0,3558
工業4.0,3563
工業4.0,3652
工業4.0,3693
工業4.0,4526
工業4.0,4549
工業4.0,4562
工業4.0,4919
工業4.0,5388
工業4.0,6112
工業4.0,6138
工業4.0,6160
工業4.0,6166
工業4.0,6188
工業4.0,6196
工業4.0,6202
工業4.0,6214
工業4.0,6215
工業4.0,6233
工業4.0,6263
工業4.0,6414
工業4.0,6438
工業4.0,8016
工業4.0,8050
工業4.0,8081
工業4.0,8114
工業4.0,8234
工業4.0,8416
工業4.0,912398
山寨機,2330
山寨機,2449
山寨機,2454
山寨機,2458
山寨機,3031
山寨機,3042
山寨機,3044
山寨機,3059
山寨機,3152
山寨機,3702
山寨機,6141
山寨機,6168
山寨機,8105
山寨機,8182
川普稅改,1301
川普稅改,1326
川普稅改,2317
川普稅改,4971
川普稅改,6505
口罩不織布,1325
口罩不織布,1455
口罩不織布,6504
口罩不織布,9103
口罩不織布,9919
口罩不織布,9944
中國十三五,1589
中國十三五,1590
中國十三五,2002
中國十三五,2023
中國十三五,2029
中國十三五,2233
中國十三五,2359
中國十三五,2395
中國十三五,3003
中國十三五,3234
中國十三五,3450
中國十三五,3691
中國十三五,4129
中國十三五,4137
中國十三五,4551
中國十三五,6192
中國十三五,6244
中國十三五,6414
中國十三五,6504
中國十三五,6509
中國十三五,6803
中國十三五,8341
中國十三五,8936
中概外銷收成股,1531
中概外銷收成股,2105
中概外銷收成股,2106
中概外銷收成股,2308
中概外銷收成股,2317
中概外銷收成股,2327
中概外銷收成股,2354
中概外銷收成股,2402
中概外銷收成股,2459
中概外銷收成股,2474
中概外銷收成股,2486
中概外銷收成股,2488
中概外銷收成股,3311
中概外銷收成股,9910
中概外銷收成股,9914
中概外銷收成股,9921
中概外銷收成股,9938
中概通路,1417
中概通路,1473
中概通路,2328
中概通路,2347
中概通路,2362
中概通路,2373
中概通路,2450
中概通路,2601
中概通路,2636
中概通路,2723
中概通路,2903
中概通路,2908
中概通路,2911
中概通路,2912
中概通路,2915
中概通路,3702
中概通路,5903
中概通路,5907
中概通路,8940
中概通路,9904
中概通路,9911
中概通路,9943
中概通路,9945
中國,1101
中國,1102
中國,1103
中國,1104
中國,1210
中國,1216
中國,1227
中國,1312
中國,1319
中國,1326
中國,1338
中國,1402
中國,1409
中國,1417
中國,1455
中國,1473
中國,1506
中國,1507
中國,1522
中國,1524
中國,1525
中國,1531
中國,1532
中國,1533
中國,1589
中國,1590
中國,1609
中國,1702
中國,1717
中國,1734
中國,1762
中國,1788
中國,1789
中國,1802
中國,1806
中國,1809
中國,1810
中國,1905
中國,1907
中國,1909
中國,2002
中國,2006
中國,2010
中國,2012
中國,2013
中國,2020
中國,2023
中國,2027
中國,2101
中國,2102
中國,2103
中國,2105
中國,2106
中國,2109
中國,2201
中國,2204
中國,2227
中國,2231
中國,2308
中國,2313
中國,2317
中國,2324
中國,2327
中國,2328
中國,2345
中國,2347
中國,2352
中國,2354
中國,2356
中國,2359
中國,2362
中國,2373
中國,2383
中國,2385
中國,2392
中國,2399
中國,2402
中國,2417
中國,2428
中國,2439
中國,2450
中國,2454
中國,2459
中國,2474
中國,2478
中國,2480
中國,2486
中國,2488
中國,2492
中國,2497
中國,2504
中國,2601
中國,2603
中國,2609
中國,2610
中國,2615
中國,2618
中國,2636
中國,2705
中國,2707
中國,2723
中國,2732
中國,2903
中國,2908
中國,2911
中國,2912
中國,2915
中國,3017
中國,3019
中國,3029
中國,3044
中國,3176
中國,3231
中國,3234
中國,3311
中國,3481
中國,3552
中國,3624
中國,3665
中國,3685
中國,3691
中國,3702
中國,3704
中國,3711
中國,4104
中國,4114
中國,4129
中國,4139
中國,4152
中國,4164
中國,4528
中國,4535
中國,4728
中國,4745
中國,4915
中國,4924
中國,4938
中國,4958
中國,4979
中國,5013
中國,5263
中國,5287
中國,5388
中國,5403
中國,5515
中國,5871
中國,5880
中國,5903
中國,5907
中國,6005
中國,6024
中國,6176
中國,6192
中國,6214
中國,6224
中國,6269
中國,6279
中國,6285
中國,6409
中國,6415
中國,6456
中國,8016
中國,8044
中國,8109
中國,8112
中國,8255
中國,8403
中國,8406
中國,8929
中國,8940
中國,9904
中國,9905
中國,9907
中國,9910
中國,9911
中國,9914
中國,9921
中國,9933
中國,9934
中國,9938
中國,9939
中國,9941
中國,9942
中國,9943
中國,9945
中國,9951
內需中國收成股,1101
內需中國收成股,1102
內需中國收成股,1216
內需中國收成股,1507
內需中國收成股,1532
內需中國收成股,1702
內需中國收成股,1717
內需中國收成股,1905
內需中國收成股,1907
內需中國收成股,1909
內需中國收成股,2103
內需中國收成股,2105
內需中國收成股,2106
內需中國收成股,2204
內需中國收成股,2347
內需中國收成股,2362
內需中國收成股,2454
內需中國收成股,2601
內需中國收成股,2915
內需中國收成股,3702
內需中國收成股,5515
內需中國收成股,8929
內需中國收成股,9905
內需中國收成股,9907
內需中國收成股,9939
內需中國收成股,9941
內需中國收成股,9945
太陽能,1717
太陽能,1735
太陽能,1802
太陽能,1809
太陽能,2308
太陽能,2342
太陽能,2367
太陽能,2426
太陽能,2434
太陽能,2481
太陽能,3016
太陽能,3268
太陽能,3532
太陽能,3576
太陽能,3686
太陽能,3691
太陽能,3713
太陽能,4707
太陽能,5434
太陽能,5483
太陽能,6244
太陽能,6443
太陽能,8039
太陽能,8085
水力資源,1108
水力資源,1503
水力資源,1535
水力資源,1722
水力資源,1737
水力資源,4556
水力資源,4755
水力資源,5434
水力資源,5512
水力資源,6508
水力資源,6624
水力資源,6641
水力資源,8383
水力資源,8435
水力資源,8473
水力資源,8936
水力資源,9919
手機,1904
手機,2301
手機,2303
手機,2308
手機,2313
手機,2314
手機,2317
手機,2327
手機,2330
手機,2347
手機,2354
手機,2356
手機,2368
手機,2371
手機,2379
手機,2382
手機,2387
手機,2392
手機,2393
手機,2409
手機,2412
手機,2428
手機,2449
手機,2450
手機,2454
手機,2455
手機,2457
手機,2474
手機,2476
手機,3003
手機,3008
手機,3013
手機,3015
手機,3017
手機,3019
手機,3023
手機,3034
手機,3035
手機,3037
手機,3042
手機,3044
手機,3045
手機,3049
手機,3144
手機,3149
手機,3152
手機,3189
手機,3202
手機,3211
手機,3231
手機,3234
手機,3276
手機,3311
手機,3324
手機,3360
手機,3376
手機,3380
手機,3406
手機,3419
手機,3443
手機,3450
手機,3481
手機,3491
手機,3511
手機,3545
手機,3548
手機,3596
手機,3615
手機,3622
手機,3645
手機,3646
手機,3673
手機,3702
手機,3704
手機,3711
手機,4714
手機,4904
手機,4906
手機,4915
手機,4938
手機,4939
手機,4943
手機,4958
手機,4960
手機,4968
手機,4971
手機,4977
手機,4979
手機,4991
手機,5234
手機,5274
手機,5371
手機,5388
手機,5425
手機,5488
手機,6121
手機,6123
手機,6134
手機,6146
手機,6147
手機,6153
手機,6185
手機,6209
手機,6224
手機,6230
手機,6251
手機,6269
手機,6274
手機,6285
手機,6290
手機,6291
手機,6431
手機,6442
手機,6456
手機,6462
手機,6669
手機,8016
手機,8039
手機,8046
手機,8086
手機,8103
手機,8112
手機,8215
手機,8289
生技,1701
生技,1720
生技,1733
生技,1734
生技,1781
生技,2104
生技,3705
生技,4105
生技,4108
生技,4121
生技,4128
生質能源,1217
生質能源,1220
生質能源,9937
任天堂Switch,2328
任天堂Switch,2337
任天堂Switch,2354
任天堂Switch,2379
任天堂Switch,2388
任天堂Switch,2436
任天堂Switch,3005
任天堂Switch,3227
任天堂Switch,3607
任天堂Switch,4968
任天堂3DS,2308
任天堂3DS,2337
任天堂3DS,2354
任天堂3DS,2369
任天堂3DS,3607
任天堂3DS,3653
光纖設備,1605
光纖設備,1608
光纖設備,1609
光纖設備,2308
光纖設備,2345
光纖設備,2413
光纖設備,2419
光纖設備,2455
光纖設備,3163
光纖設備,3234
光纖設備,3363
光纖設備,3380
光纖設備,3450
光纖設備,3596
光纖設備,3704
光纖設備,4906
光纖設備,4908
光纖設備,4977
光纖設備,4979
光纖設備,5353
光纖設備,5388
光纖設備,6142
光纖設備,6163
光纖設備,6263
光纖設備,8011
光纖設備,8034
回台掛牌,1256
回台掛牌,1337
回台掛牌,1338
回台掛牌,1340
回台掛牌,1341
回台掛牌,1589
回台掛牌,1590
回台掛牌,1592
回台掛牌,1626
回台掛牌,2115
回台掛牌,2236
回台掛牌,2239
回台掛牌,2243
回台掛牌,2637
回台掛牌,2723
回台掛牌,2726
回台掛牌,2923
回台掛牌,2928
回台掛牌,2929
回台掛牌,3661
回台掛牌,3665
回台掛牌,3673
回台掛牌,4137
回台掛牌,4139
回台掛牌,4141
回台掛牌,4148
回台掛牌,4157
回台掛牌,4190
回台掛牌,4552
回台掛牌,4557
回台掛牌,4560
回台掛牌,4581
回台掛牌,4745
回台掛牌,4763
回台掛牌,4803
回台掛牌,4804
回台掛牌,4807
回台掛牌,4912
回台掛牌,4924
回台掛牌,4927
回台掛牌,4935
回台掛牌,4943
回台掛牌,4958
回台掛牌,4966
回台掛牌,4971
回台掛牌,4977
回台掛牌,4991
回台掛牌,5215
回台掛牌,5223
回台掛牌,5225
回台掛牌,5227
回台掛牌,5243
回台掛牌,5281
回台掛牌,5284
回台掛牌,5288
回台掛牌,5543
回台掛牌,5871
回台掛牌,5906
回台掛牌,5907
回台掛牌,6404
回台掛牌,6415
回台掛牌,6431
回台掛牌,6451
回台掛牌,6456
回台掛牌,6514
回台掛牌,6525
回台掛牌,6541
回台掛牌,6573
回台掛牌,6591
回台掛牌,6598
回台掛牌,6616
回台掛牌,6666
回台掛牌,6671
回台掛牌,6672
回台掛牌,8404
回台掛牌,8406
回台掛牌,8411
回台掛牌,8418
回台掛牌,8426
回台掛牌,8429
回台掛牌,8442
回台掛牌,8444
回台掛牌,8482
回台掛牌,8499
回台掛牌,9103
回台掛牌,9105
回台掛牌,9110
回台掛牌,911608
回台掛牌,911616
回台掛牌,911622
回台掛牌,911868
回台掛牌,912000
回台掛牌,912398
回台掛牌,9136
回台掛牌,9188
回台掛牌,9802
再生循環,1337
再生循環,1785
再生循環,1808
再生循環,2015
再生循環,3631
再生循環,6803
再生循環,8390
再生循環,8422
再生循環,8440
再生循環,9927
再生循環,9955
宅經濟,2337
宅經濟,2354
宅經濟,2382
宅經濟,2412
宅經濟,2480
宅經濟,2614
宅經濟,2636
宅經濟,2642
宅經濟,2731
宅經濟,2912
宅經濟,3022
宅經濟,3057
宅經濟,3083
宅經濟,3086
宅經濟,3227
宅經濟,3293
宅經濟,3546
宅經濟,3687
宅經濟,4904
宅經濟,4946
宅經濟,5274
宅經濟,5287
宅經濟,5388
宅經濟,5478
宅經濟,5609
宅經濟,6111
宅經濟,6112
宅經濟,6169
宅經濟,6180
宅經濟,6214
宅經濟,8044
宅經濟,8454
安控器材與保全,2390
安控器材與保全,3128
安控器材與保全,3297
安控器材與保全,3356
安控器材與保全,3454
安控器材與保全,5484
安控器材與保全,5489
安控器材與保全,5493
安控器材與保全,6112
安控器材與保全,8072
安控器材與保全,9917
安控器材與保全,9925
印度設廠,2317
印度設廠,2332
印度設廠,2347
印度設廠,2352
印度設廠,2353
印度設廠,2610
印度設廠,2615
印度設廠,3703
印度設廠,9105
印度設廠,9933
自行車相關,8933
自行車相關,9914
自行車相關,9921
宏達電,2301
宏達電,2347
宏達電,2367
宏達電,2392
宏達電,2412
宏達電,2439
宏達電,2450
宏達電,2457
宏達電,2474
宏達電,2498
宏達電,3008
宏達電,3013
宏達電,3042
宏達電,3045
宏達電,3508
宏達電,3622
宏達電,3673
宏達電,6153
宏達電,8096
宏達電,8171
折疊手機,2354
折疊手機,2409
折疊手機,2474
折疊手機,3008
折疊手機,3013
折疊手機,3017
折疊手機,3034
折疊手機,3049
折疊手機,3324
折疊手機,3376
折疊手機,3548
折疊手機,3645
折疊手機,3673
折疊手機,4714
折疊手機,4939
折疊手機,4960
折疊手機,5234
折疊手機,6153
折疊手機,6230
折疊手機,6456
折疊手機,6462
折疊手機,8039
折疊手機,8215
車用電子相關,1522
車用電子相關,1533
車用電子相關,1723
車用電子相關,2104
車用電子相關,2231
車用電子相關,2241
車用電子相關,2312
車用電子相關,2316
車用電子相關,2327
車用電子相關,2330
車用電子相關,2337
車用電子相關,2340
車用電子相關,2344
車用電子相關,2351
車用電子相關,2355
車用電子相關,2367
車用電子相關,2379
車用電子相關,2388
車用電子相關,2393
車用電子相關,2401
車用電子相關,2408
車用電子相關,2409
車用電子相關,2415
車用電子相關,2421
車用電子相關,2428
車用電子相關,2436
車用電子相關,2449
車用電子相關,2454
車用電子相關,2456
車用電子相關,2472
車用電子相關,2477
車用電子相關,2481
車用電子相關,2484
車用電子相關,2497
車用電子相關,3003
車用電子相關,3019
車用電子相關,3021
車用電子相關,3023
車用電子相關,3026
車用電子相關,3036
車用電子相關,3042
車用電子相關,3044
車用電子相關,3048
車用電子相關,3059
車用電子相關,3090
車用電子相關,3128
車用電子相關,3169
車用電子相關,3221
車用電子相關,3227
車用電子相關,3236
車用電子相關,3264
車用電子相關,3306
車用電子相關,3346
車用電子相關,3362
車用電子相關,3380
車用電子相關,3481
車用電子相關,3492
車用電子相關,3499
車用電子相關,3501
車用電子相關,3526
車用電子相關,3529
車用電子相關,3530
車用電子相關,3552
車用電子相關,3605
車用電子相關,3624
車用電子相關,3653
車用電子相關,3665
車用電子相關,3675
車用電子相關,3702
車用電子相關,3706
車用電子相關,3711
車用電子相關,4721
車用電子相關,4739
車用電子相關,4919
車用電子相關,4927
車用電子相關,4958
車用電子相關,4971
車用電子相關,4974
車用電子相關,4976
車用電子相關,5227
車用電子相關,5285
車用電子相關,5289
車用電子相關,5309
車用電子相關,5351
車用電子相關,5425
車用電子相關,5439
車用電子相關,6108
車用電子相關,6121
車用電子相關,6129
車用電子相關,6191
車用電子相關,6202
車用電子相關,6205
車用電子相關,6209
車用電子相關,6215
車用電子相關,6224
車用電子相關,6251
車用電子相關,6271
車用電子相關,6275
車用電子相關,6279
車用電子相關,6284
車用電子相關,6285
車用電子相關,6288
車用電子相關,6465
車用電子相關,6509
車用電子相關,6573
車用電子相關,6605
車用電子相關,6643
車用電子相關,8038
車用電子相關,8105
車用電子相關,8110
車用電子相關,8131
車用電子相關,8183
車用電子相關,8255
車用電子相關,8358
車聯網,2303
車聯網,2317
車聯網,2330
車聯網,2344
車聯網,2357
車聯網,2369
車聯網,2377
車聯網,2412
車聯網,2436
車聯網,2454
車聯網,2498
車聯網,3036
車聯網,3048
車聯網,3059
車聯網,3094
車聯網,3169
車聯網,3227
車聯網,3264
車聯網,3380
車聯網,3529
車聯網,3552
車聯網,3702
車聯網,3706
車聯網,3711
車聯網,4971
車聯網,5272
車聯網,5289
車聯網,5347
車聯網,5388
車聯網,6202
車聯網,6239
車聯網,6285
車聯網,6290
車聯網,6414
車聯網,6465
車聯網,6486
防疫保健,1707
防疫保健,1731
防疫保健,1737
防疫保健,4109
防疫保健,4111
防疫保健,4114
防疫保健,4139
防疫環保,1210
防疫環保,1215
防疫環保,1218
防疫環保,1229
防疫環保,1232
防疫環保,1234
防疫環保,1325
防疫環保,1455
防疫環保,1504
防疫環保,1604
防疫環保,1614
防疫環保,1626
防疫環保,1701
防疫環保,1702
防疫環保,1707
防疫環保,1714
防疫環保,1720
防疫環保,1723
防疫環保,1730
防疫環保,1731
防疫環保,1732
防疫環保,1734
防疫環保,1737
防疫環保,1760
防疫環保,1762
防疫環保,1781
防疫環保,1789
防疫環保,2108
防疫環保,2317
防疫環保,2363
防疫環保,2375
防疫環保,2436
防疫環保,2633
防疫環保,2702
防疫環保,2704
防疫環保,2707
防疫環保,2723
防疫環保,2727
防疫環保,2729
防疫環保,2731
防疫環保,2732
防疫環保,2748
防疫環保,2752
防疫環保,2903
防疫環保,2912
防疫環保,3023
防疫環保,3038
防疫環保,3373
防疫環保,3705
防疫環保,4102
防疫環保,4104
防疫環保,4106
防疫環保,4109
防疫環保,4111
防疫環保,4114
防疫環保,4121
防疫環保,4126
防疫環保,4131
防疫環保,4133
防疫環保,4139
防疫環保,4142
防疫環保,4157
防疫環保,4532
防疫環保,4735
防疫環保,4736
防疫環保,5493
防疫環保,5903
防疫環保,5904
防疫環保,6192
防疫環保,6251
防疫環保,6504
防疫環保,6547
防疫環保,6582
防疫環保,6589
防疫環保,9103
防疫環保,9919
防疫環保,9944
油電混合車,1504
油電混合車,2104
油電混合車,2201
油電混合車,2241
油電混合車,2308
油電混合車,4721
物聯網,2308
物聯網,2345
物聯網,2356
物聯網,2357
物聯網,2377
物聯網,2395
物聯網,2414
物聯網,2436
物聯網,2461
物聯網,2482
物聯網,2485
物聯網,3022
物聯網,3062
物聯網,3088
物聯網,3094
物聯網,3169
物聯網,3419
物聯網,3521
物聯網,3535
物聯網,3594
物聯網,3611
物聯網,3652
物聯網,4906
物聯網,5272
物聯網,5388
物聯網,5490
物聯網,6142
物聯網,6160
物聯網,6166
物聯網,6202
物聯網,6206
物聯網,6233
物聯網,6414
物聯網,6514
物聯網,6533
物聯網,6579
物聯網,8016
物聯網,8050
物聯網,8114
物聯網,912000
空汙防治,1504
空汙防治,1513
空汙防治,1589
空汙防治,1626
空汙防治,2002
空汙防治,2233
空汙防治,2393
空汙防治,3576
空汙防治,3591
空汙防治,3691
空汙防治,4956
空汙防治,6192
空汙防治,6244
空汙防治,6504
空汙防治,9919
美國ADR,2303
美國ADR,2330
美國ADR,2409
美國ADR,2412
美國ADR,3711
美國ADR,4152
美中貿易戰受惠,1476
美中貿易戰受惠,1477
美中貿易戰受惠,1537
美中貿易戰受惠,2027
美中貿易戰受惠,2344
美中貿易戰受惠,2345
美中貿易戰受惠,2348
美中貿易戰受惠,2368
美中貿易戰受惠,2408
美中貿易戰受惠,2415
美中貿易戰受惠,2547
美中貿易戰受惠,3356
美中貿易戰受惠,3380
美中貿易戰受惠,3454
美中貿易戰受惠,3665
美中貿易戰受惠,4535
美中貿易戰受惠,4906
美中貿易戰受惠,4916
美中貿易戰受惠,4927
美中貿易戰受惠,5288
美中貿易戰受惠,5388
美中貿易戰受惠,5439
美中貿易戰受惠,5607
美中貿易戰受惠,8415
美中貿易戰受惠,9910
美中貿易戰受惠,9914
美中貿易戰受惠,9921
穿戴裝置,2312
穿戴裝置,2317
穿戴裝置,2349
穿戴裝置,2353
穿戴裝置,2356
穿戴裝置,2357
穿戴裝置,2379
穿戴裝置,2382
穿戴裝置,2392
穿戴裝置,2439
穿戴裝置,2458
穿戴裝置,2465
穿戴裝置,2474
穿戴裝置,2498
穿戴裝置,3008
穿戴裝置,3094
穿戴裝置,3189
穿戴裝置,3209
穿戴裝置,3227
穿戴裝置,3259
穿戴裝置,3511
穿戴裝置,3615
穿戴裝置,3622
穿戴裝置,3673
穿戴裝置,3706
穿戴裝置,4938
穿戴裝置,5245
穿戴裝置,5272
穿戴裝置,5351
穿戴裝置,6202
穿戴裝置,6217
穿戴裝置,6558
穿戴裝置,8016
穿戴裝置,8069
穿戴裝置,8101
穿戴裝置,8104
穿戴裝置,9917
胎壓偵測,1533
胎壓偵測,5309
英國GDR,1102
英國GDR,1402
英國GDR,2002
英國GDR,2317
英國GDR,2357
英國GDR,2637
赴美掛牌,2303
赴美掛牌,2330
赴美掛牌,2409
赴美掛牌,2412
赴美掛牌,3711
赴美掛牌,4152
風力發電,1102
風力發電,1301
風力發電,1444
風力發電,1503
風力發電,1504
風力發電,1513
風力發電,1514
風力發電,1519
風力發電,1589
風力發電,1605
風力發電,1609
風力發電,2002
風力發電,2010
風力發電,2012
風力發電,2013
風力發電,2031
風力發電,2208
風力發電,2308
風力發電,2371
風力發電,3023
風力發電,3202
風力發電,3712
風力發電,8349
風力發電,8463
風力發電,9933
風力發電,9958
香港掛牌,1101
香港掛牌,1102
香港掛牌,1210
香港掛牌,1216
香港掛牌,1308
香港掛牌,1532
香港掛牌,2020
香港掛牌,2206
香港掛牌,2308
香港掛牌,2317
香港掛牌,2371
香港掛牌,2374
香港掛牌,2382
香港掛牌,2915
香港掛牌,6182
香港掛牌,9110
香港掛牌,912000
香港掛牌,912398
香港掛牌,9136
香港掛牌,9188
香港掛牌,9904
桃園機場捷運,1102
桃園機場捷運,1104
桃園機場捷運,1231
桃園機場捷運,1321
桃園機場捷運,1410
桃園機場捷運,1437
桃園機場捷運,1445
桃園機場捷運,1465
桃園機場捷運,1468
桃園機場捷運,1513
桃園機場捷運,1524
桃園機場捷運,1614
桃園機場捷運,1702
桃園機場捷運,2006
桃園機場捷運,2107
桃園機場捷運,2516
桃園機場捷運,2607
桃園機場捷運,2906
桃園機場捷運,9944
桃園航空城,1402
桃園航空城,1409
桃園航空城,1410
桃園航空城,1416
桃園航空城,1435
桃園航空城,1504
桃園航空城,2102
桃園航空城,2107
桃園航空城,2607
桃園航空城,2608
桃園航空城,2610
桃園航空城,2915
桃園航空城,5607
高雄經貿園區,1103
高雄經貿園區,1110
高雄經貿園區,1301
高雄經貿園區,1309
高雄經貿園區,1314
高雄經貿園區,1321
高雄經貿園區,1605
高雄經貿園區,1710
高雄經貿園區,1713
高雄經貿園區,1722
高雄經貿園區,2006
高雄經貿園區,2537
高雄經貿園區,6125
高爾夫球,6670
高爾夫球,8924
高爾夫球,8928
高爾夫球,8938
基礎建設,1101
基礎建設,1102
基礎建設,1513
基礎建設,1519
基礎建設,1605
基礎建設,1609
基礎建設,1616
基礎建設,2006
基礎建設,2014
基礎建設,2015
基礎建設,2022
基礎建設,2031
基礎建設,2504
基礎建設,2515
基礎建設,2535
基礎建設,3703
清潔抗菌,1701
清潔抗菌,1702
清潔抗菌,1714
清潔抗菌,1730
清潔抗菌,1732
清潔抗菌,1734
清潔抗菌,1760
清潔抗菌,4114
第三方支付,2614
第三方支付,3687
第三方支付,5478
第三方支付,5490
第三方支付,6180
第三方支付,6183
第三方支付,6214
第三方支付,8044
博奕,2395
博奕,2397
博奕,2707
博奕,2903
博奕,3022
博奕,3088
博奕,3229
博奕,3293
博奕,4916
博奕,5478
博奕,6206
博奕,8050
博奕,8076
博奕觀光,2707
博奕觀光,2903
博奕觀光,3293
博奕觀光,5478
博奕觀光,8050
博奕觀光,8076
智慧電網,1503
智慧電網,1513
智慧電網,1514
智慧電網,1519
智慧電網,2308
智慧電網,2371
智慧電網,2395
智慧電網,2419
智慧電網,3047
智慧電網,3450
智慧電網,3504
智慧電網,4906
智慧電網,5388
智慧電網,6233
智慧電網,6277
智慧電網,6282
智慧電網,8059
智慧型機器人,1503
智慧型機器人,1504
智慧型機器人,1583
智慧型機器人,1590
智慧型機器人,1597
智慧型機器人,2049
智慧型機器人,2308
智慧型機器人,2317
智慧型機器人,2324
智慧型機器人,2345
智慧型機器人,2357
智慧型機器人,2360
智慧型機器人,2365
智慧型機器人,2377
智慧型機器人,2395
智慧型機器人,2458
智慧型機器人,2464
智慧型機器人,2467
智慧型機器人,3030
智慧型機器人,3379
智慧型機器人,3498
智慧型機器人,3533
智慧型機器人,4540
智慧型機器人,4562
智慧型機器人,5443
智慧型機器人,5471
智慧型機器人,5493
智慧型機器人,6160
智慧型機器人,6166
智慧型機器人,6196
智慧型機器人,6202
智慧型機器人,6215
智慧型機器人,6414
智慧型機器人,8033
智慧型機器人,8374
智慧型機器人,9904
智慧型機器人,9925
惠台政策,1210
惠台政策,1590
惠台政策,1597
惠台政策,1605
惠台政策,2330
惠台政策,2347
惠台政策,2464
惠台政策,2467
惠台政策,2841
惠台政策,2881
惠台政策,2882
惠台政策,2891
惠台政策,2892
惠台政策,3231
惠台政策,3455
惠台政策,3711
惠台政策,4137
惠台政策,4803
惠台政策,5443
惠台政策,5871
惠台政策,6414
惠台政策,8341
惠台政策,8422
惠台政策,8446
惠台政策,8450
惠台政策,9945
無線充電,2301
無線充電,2308
無線充電,2317
無線充電,2324
無線充電,2353
無線充電,2357
無線充電,2360
無線充電,2379
無線充電,2392
無線充電,2431
無線充電,2439
無線充電,2454
無線充電,2456
無線充電,2498
無線充電,3015
無線充電,3078
無線充電,3236
無線充電,3257
無線充電,3285
無線充電,3593
無線充電,4915
無線充電,4919
無線充電,4952
無線充電,5457
無線充電,6146
無線充電,6202
無線充電,6243
無線充電,6257
無線充電,6282
無線充電,6411
無線充電,6412
無線充電,6415
無線充電,8081
無人機,1611
無人機,1723
無人機,2303
無人機,2360
無人機,2385
無人機,2395
無人機,2454
無人機,2634
無人機,3008
無人機,3019
無人機,3034
無人機,3036
無人機,3059
無人機,3213
無人機,3306
無人機,3324
無人機,4536
無人機,4541
無人機,4919
無人機,4938
無人機,4968
無人機,6202
無人機,6209
無人機,6284
無人機,6412
無人機,8033
無人機,8038
無人機,8383
越南設廠,1108
越南設廠,1210
越南設廠,1216
越南設廠,1301
越南設廠,1303
越南設廠,1307
越南設廠,1315
越南設廠,1326
越南設廠,1341
越南設廠,1402
越南設廠,1434
越南設廠,1440
越南設廠,1451
越南設廠,1460
越南設廠,1463
越南設廠,1464
越南設廠,1476
越南設廠,1477
越南設廠,1503
越南設廠,1504
越南設廠,1537
越南設廠,1558
越南設廠,1593
越南設廠,1609
越南設廠,1616
越南設廠,1709
越南設廠,1817
越南設廠,1904
越南設廠,2002
越南設廠,2006
越南設廠,2020
越南設廠,2022
越南設廠,2106
越南設廠,2206
越南設廠,2317
越南設廠,2324
越南設廠,2353
越南設廠,2367
越南設廠,2415
越南設廠,2906
越南設廠,3481
越南設廠,3622
越南設廠,4306
越南設廠,4401
越南設廠,4432
越南設廠,4433
越南設廠,4438
越南設廠,4535
越南設廠,4714
越南設廠,4766
越南設廠,5288
越南設廠,5306
越南設廠,8404
越南設廠,8916
越南設廠,8938
越南設廠,9110
越南設廠,911868
越南設廠,9802
越南設廠,9904
越南設廠,9905
越南設廠,9907
越南設廠,9910
越南設廠,9927
越南設廠,9938
越南設廠,9939
越南設廠,9944
華為,2308
華為,2313
華為,2314
華為,2317
華為,2330
華為,2347
華為,2356
華為,2368
華為,2371
華為,2379
華為,2382
華為,2428
華為,2449
華為,2450
華為,2454
華為,2455
華為,3003
華為,3008
華為,3015
華為,3017
華為,3042
華為,3044
華為,3152
華為,3189
華為,3231
華為,3234
華為,3311
華為,3324
華為,3380
華為,3419
華為,3450
華為,3481
華為,3491
華為,3545
華為,3596
華為,3702
華為,3704
華為,3711
華為,4906
華為,4943
華為,4968
華為,4971
華為,4977
華為,4979
華為,4991
華為,5274
華為,5388
華為,5488
華為,6123
華為,6147
華為,6153
華為,6185
華為,6230
華為,6274
華為,6285
華為,6431
華為,6442
華為,6462
華為,6669
華為,8046
華為,8086
華為,8289
雲端,2059
雲端,2308
雲端,2317
雲端,2324
雲端,2332
雲端,2345
雲端,2353
雲端,2354
雲端,2356
雲端,2357
雲端,2376
雲端,2377
雲端,2382
雲端,2412
雲端,2420
雲端,2421
雲端,2453
雲端,2468
雲端,2471
雲端,2480
雲端,2495
雲端,2498
雲端,3015
雲端,3017
雲端,3029
雲端,3043
雲端,3045
雲端,3057
雲端,3058
雲端,3060
雲端,3062
雲端,3081
雲端,3163
雲端,3231
雲端,3257
雲端,3324
雲端,3380
雲端,3450
雲端,3483
雲端,3558
雲端,3693
雲端,3704
雲端,3706
雲端,4903
雲端,4904
雲端,4906
雲端,4908
雲端,4977
雲端,4979
雲端,5274
雲端,6112
雲端,6166
雲端,6183
雲端,6214
雲端,6230
雲端,6245
雲端,6263
雲端,6274
雲端,6277
雲端,6282
雲端,6409
雲端,6416
雲端,6426
雲端,6588
雲端,8069
雲端,8099
雲端,8210
雲端,8234
溫度量測,1781
溫度量測,2436
溫度量測,3373
溫度量測,4121
溫度量測,4735
溫度量測,4736
新兆元通信,2332
新兆元通信,2357
新兆元通信,2379
新兆元通信,2454
新兆元通信,3356
新兆元通信,3380
新兆元通信,3419
新兆元通信,3454
新兆元通信,3704
新兆元通信,4903
新兆元通信,4906
新兆元通信,4908
新兆元通信,6142
新兆元通信,8072
新兆元能源,1219
新兆元能源,1504
新兆元能源,1513
新兆元能源,1519
新兆元能源,2308
新兆元能源,2393
新兆元能源,3031
新兆元能源,3383
新兆元能源,3576
新兆元能源,5483
新兆元能源,6168
新兆元能源,6244
新兆元能源,8099
新兆元能源,8933
新兆元能源,9914
新兆元能源,9921
資產,1101
資產,1103
資產,1314
資產,1402
資產,1409
資產,1410
資產,1414
資產,1417
資產,1419
資產,1435
資產,1437
資產,1440
資產,1446
資產,1457
資產,1503
資產,1504
資產,1604
資產,1614
資產,1722
資產,1903
資產,2010
資產,2101
資產,2102
資產,2107
資產,2201
資產,2206
資產,2371
資產,2504
資產,2607
資產,2701
資產,2705
資產,2841
資產,2906
資產,2913
資產,3024
農金,1219
農金,1435
農金,1560
農金,1708
農金,1709
農金,1712
農金,1722
農金,1727
農金,2308
農金,2312
農金,2317
農金,2393
農金,3037
農金,3597
農金,3710
農金,4141
農金,4171
農金,6508
遊戲機,2301
遊戲機,2308
遊戲機,2317
遊戲機,2328
遊戲機,2330
遊戲機,2337
遊戲機,2347
遊戲機,2354
遊戲機,2369
遊戲機,2379
遊戲機,2385
遊戲機,2388
遊戲機,2392
遊戲機,2421
遊戲機,2430
遊戲機,2436
遊戲機,2476
遊戲機,3005
遊戲機,3008
遊戲機,3019
遊戲機,3037
遊戲機,3071
遊戲機,3227
遊戲機,3338
遊戲機,3443
遊戲機,3450
遊戲機,3501
遊戲機,3607
遊戲機,3630
遊戲機,3653
遊戲機,3673
遊戲機,3689
遊戲機,3711
遊戲機,4919
遊戲機,4927
遊戲機,4938
遊戲機,4968
遊戲機,6138
遊戲機,6209
遊戲機,6271
遊戲機,6412
遊戲機,6679
遊戲機,8046
電動車,1323
電動車,1536
電動車,1537
電動車,1568
電動車,1592
電動車,1609
電動車,1723
電動車,2002
電動車,2066
電動車,2201
電動車,2206
電動車,2233
電動車,2236
電動車,2239
電動車,2241
電動車,2308
電動車,2351
電動車,2355
電動車,2360
電動車,2392
電動車,2421
電動車,2428
電動車,2460
電動車,3003
電動車,3023
電動車,3501
電動車,3526
電動車,3552
電動車,3625
電動車,3653
電動車,3665
電動車,4529
電動車,4721
電動車,4739
電動車,4912
電動車,4931
電動車,5227
電動車,5243
電動車,5285
電動車,5439
電動車,6121
電動車,6138
電動車,6170
電動車,6235
電動車,6275
電動車,6279
電動車,6282
電動車,6509
電動車,8038
電動車,8183
電動車,8255
電動車,8261
電動車,8349
電動車,8996
電動車Tesla,1504
電動車Tesla,1513
電動車Tesla,1519
電動車Tesla,1525
電動車Tesla,1536
電動車Tesla,1583
電動車Tesla,1586
電動車Tesla,1723
電動車Tesla,2002
電動車Tesla,2066
電動車Tesla,2201
電動車Tesla,2228
電動車Tesla,2308
電動車Tesla,2317
電動車Tesla,2330
電動車Tesla,2351
電動車Tesla,2360
電動車Tesla,2379
電動車Tesla,2382
電動車Tesla,2392
電動車Tesla,2402
電動車Tesla,2415
電動車Tesla,2421
電動車Tesla,2428
電動車Tesla,2458
電動車Tesla,2460
電動車Tesla,3003
電動車Tesla,3019
電動車Tesla,3178
電動車Tesla,3481
電動車Tesla,3484
電動車Tesla,3501
電動車Tesla,3552
電動車Tesla,3665
電動車Tesla,3673
電動車Tesla,4528
電動車Tesla,4551
電動車Tesla,4721
電動車Tesla,4739
電動車Tesla,4938
電動車Tesla,5243
電動車Tesla,5439
電動車Tesla,5457
電動車Tesla,6121
電動車Tesla,6205
電動車Tesla,6235
電動車Tesla,6251
電動車Tesla,6271
電動車Tesla,6275
電動車Tesla,6279
電動車Tesla,6282
電動車Tesla,6288
電動車Tesla,6642
電動車Tesla,8038
電動車Tesla,8255
電動車Tesla,8349
電動車Tesla,8996
電動汽機車,1323
電動汽機車,1503
電動汽機車,1611
電動汽機車,1723
電動汽機車,2105
電動汽機車,2204
電動汽機車,2206
電動汽機車,2239
電動汽機車,2308
電動汽機車,2421
電動汽機車,4721
電動汽機車,5285
電動汽機車,6138
電動汽機車,6170
電動汽機車,6217
電動汽機車,6441
零售消費,2912
零售消費,2915
零售消費,5903
零售消費,9945
電子商務及延伸,1909
電子商務及延伸,2379
電子商務及延伸,2412
電子商務及延伸,2414
電子商務及延伸,2436
電子商務及延伸,2454
電子商務及延伸,2608
電子商務及延伸,2636
電子商務及延伸,2642
電子商務及延伸,2643
電子商務及延伸,2882
電子商務及延伸,2884
電子商務及延伸,2890
電子商務及延伸,2892
電子商務及延伸,3045
電子商務及延伸,3048
電子商務及延伸,3086
電子商務及延伸,3094
電子商務及延伸,3171
電子商務及延伸,3529
電子商務及延伸,3687
電子商務及延伸,4904
電子商務及延伸,5272
電子商務及延伸,5287
電子商務及延伸,5478
電子商務及延伸,5490
電子商務及延伸,6146
電子商務及延伸,6155
電子商務及延伸,6180
電子商務及延伸,6183
電子商務及延伸,6285
電子商務及延伸,8044
電子商務及延伸,8454
電信.零售通路,2412
電信.零售通路,2903
電信.零售通路,2905
電信.零售通路,2911
電信.零售通路,2912
電信.零售通路,3045
電信.零售通路,4904
電信.零售通路,5903
電信.零售通路,5904
網通,2301
網通,2303
網通,2308
網通,2314
網通,2317
網通,2324
網通,2330
網通,2332
網通,2345
網通,2353
網通,2356
網通,2357
網通,2360
網通,2368
網通,2376
網通,2379
網通,2382
網通,2383
網通,2385
網通,2388
網通,2392
網通,2393
網通,2395
網通,2408
網通,2409
網通,2412
網通,2414
網通,2419
網通,2431
網通,2436
網通,2439
網通,2444
網通,2449
網通,2454
網通,2455
網通,2456
網通,2458
網通,2482
網通,2485
網通,2489
網通,2498
網通,2614
網通,3008
網通,3015
網通,3016
網通,3017
網通,3019
網通,3034
網通,3035
網通,3037
網通,3041
網通,3042
網通,3045
網通,3047
網通,3062
網通,3078
網通,3081
網通,3094
網通,3105
網通,3138
網通,3152
網通,3163
網通,3169
網通,3189
網通,3209
網通,3221
網通,3227
網通,3228
網通,3231
網通,3234
網通,3236
網通,3257
網通,3264
網通,3265
網通,3285
網通,3363
網通,3380
網通,3406
網通,3419
網通,3450
網通,3466
網通,3481
網通,3491
網通,3529
網通,3535
網通,3558
網通,3593
網通,3596
網通,3611
網通,3630
網通,3652
網通,3682
網通,3694
網通,3704
網通,3707
網通,3711
網通,3714
網通,4904
網通,4906
網通,4908
網通,4909
網通,4915
網通,4919
網通,4938
網通,4952
網通,4958
網通,4968
網通,4971
網通,4977
網通,4979
網通,4991
網通,5203
網通,5272
網通,5274
網通,5388
網通,5439
網通,5457
網通,5490
網通,6104
網通,6123
網通,6142
網通,6146
網通,6152
網通,6155
網通,6160
網通,6180
網通,6183
網通,6188
網通,6202
網通,6206
網通,6213
網通,6214
網通,6243
網通,6257
網通,6263
網通,6269
網通,6274
網通,6275
網通,6282
網通,6285
網通,6411
網通,6412
網通,6414
網通,6415
網通,6426
網通,6451
網通,6470
網通,6588
網通,6674
網通,8011
網通,8032
網通,8040
網通,8044
網通,8046
網通,8050
網通,8081
網通,8086
網通,8101
網通,8114
網通,8215
網通,8299
網通,8446
網通,8454
網通,9105
網通,912000
碳權,1101
碳權,1301
碳權,1904
碳權,1905
碳權,1907
碳權,2002
端子連接器被動元件,2327
端子連接器被動元件,2428
端子連接器被動元件,2456
端子連接器被動元件,2472
端子連接器被動元件,2484
端子連接器被動元件,3003
端子連接器被動元件,3023
端子連接器被動元件,3026
端子連接器被動元件,3036
端子連接器被動元件,3042
端子連接器被動元件,3048
端子連接器被動元件,3090
端子連接器被動元件,3221
端子連接器被動元件,3236
端子連接器被動元件,3492
端子連接器被動元件,3501
端子連接器被動元件,3526
端子連接器被動元件,3605
端子連接器被動元件,3665
端子連接器被動元件,3702
端子連接器被動元件,6224
端子連接器被動元件,6279
精品,1417
精品,8426
德國GDR,2002
德國GDR,2303
德國GDR,2330
數位電視,1504
數位電視,1604
數位電視,1614
數位電視,2314
數位電視,2323
數位電視,2409
數位電視,2419
數位電視,2485
數位電視,2489
數位電視,3034
數位電視,3051
數位電視,3466
數位電視,3596
數位電視,5371
數位電視,6120
數位電視,6152
數位電視,6176
數位電視,6184
數位電視,8240
數位電視,9928
鋰電池,1723
鋰電池,2104
鋰電池,2308
鋰電池,3211
鋰電池,3323
鋰電池,3625
鋰電池,4721
鋰電池,4739
鋰電池,4931
鋰電池,5227
鋰電池,6121
鋰電池,6509
鋰電池,6558
鋰電池,8028
鋰電池,8038
鋰電池,8112
鋰電池,8215
鋰電池,8358
燃料電池,1513
燃料電池,1711
燃料電池,3268
燃料電池,8996
嬰幼兒,1216
嬰幼兒,1227
嬰幼兒,1784
嬰幼兒,2911
嬰幼兒,2929
嬰幼兒,6504
嬰幼兒,9919
鎂合金機殼,2354
鎂合金機殼,2474
鎂合金機殼,5392
鎂合金機殼,6235
蘋果供應商,1303
蘋果供應商,1904
蘋果供應商,2301
蘋果供應商,2308
蘋果供應商,2313
蘋果供應商,2317
蘋果供應商,2324
蘋果供應商,2327
蘋果供應商,2330
蘋果供應商,2356
蘋果供應商,2367
蘋果供應商,2382
蘋果供應商,2387
蘋果供應商,2392
蘋果供應商,2408
蘋果供應商,2439
蘋果供應商,3008
蘋果供應商,3017
蘋果供應商,3037
蘋果供應商,3044
蘋果供應商,3189
蘋果供應商,3211
蘋果供應商,3231
蘋果供應商,3376
蘋果供應商,3406
蘋果供應商,3673
蘋果供應商,3711
蘋果供應商,4915
蘋果供應商,4938
蘋果供應商,4958
蘋果供應商,6121
蘋果供應商,6153
蘋果供應商,6176
蘋果供應商,6269
蘋果供應商,6290
蘋果供應商,8163
觸控面板,2349
觸控面板,2409
觸控面板,2436
觸控面板,2458
觸控面板,2474
觸控面板,3014
觸控面板,3038
觸控面板,3049
觸控面板,3227
觸控面板,3390
觸控面板,3416
觸控面板,3481
觸控面板,3545
觸控面板,3556
觸控面板,3607
觸控面板,3615
觸控面板,3622
觸控面板,3623
觸控面板,3673
觸控面板,4729
觸控面板,5471
觸控面板,5487
觸控面板,6153
觸控面板,6243
觸控面板,6251
觸控面板,6269
觸控面板,8049
觸控面板,8105
讀取辨識,2395
讀取辨識,2414
讀取辨識,2482
讀取辨識,3521
讀取辨識,3652
讀取辨識,5490
讀取辨識,6160
讀取辨識,6414
讀取辨識,8114
讀取辨識,912000
